;codigo_ccaa;codigo_provincia;ambito_territorial;poblacion_derecho;n_diputados;numero_mesas;censo_ine;censo_escrutinio;participacion_2;votos_blancos;votos_nulos;votos_candidaturas;denominacion;siglas;votos;diputados;porcentaje_participacion;porcentaje_votos_partido;porcentaje_votos_nulos;porcentaje_votos_blancos;porcentaje_diputados_obtenidos
0;1;4;Almería;709340;6;809;502621;502627;242961;2661;2990;299763;PARTIDO SOCIALISTA OBRERO ESPAÑOL;PSOE;89295;2;48.34;36.75;1.23;1.1;33.33
1;1;4;Almería;709340;6;809;502621;502627;242961;2661;2990;299763;VOX;VOX;80714;2;48.34;33.22;1.23;1.1;33.33
2;1;4;Almería;709340;6;809;502621;502627;242961;2661;2990;299763;PARTIDO POPULAR;PP;78072;2;48.34;32.13;1.23;1.1;33.33
3;1;4;Almería;709340;6;809;502621;502627;242961;2661;2990;299763;UNIDAS PODEMOS;PODEMOS-IU LV CA;24400;0;48.34;10.04;1.23;1.1;0.0
4;1;4;Almería;709340;6;809;502621;502627;242961;2661;2990;299763;CIUDADANOS-PARTIDO DE LA CIUDADANÍA;Cs;22835;0;48.34;9.4;1.23;1.1;0.0
5;1;4;Almería;709340;6;809;502621;502627;242961;2661;2990;299763;PARTIDO ANIMALISTA CONTRA EL MALTRATO ANIMAL;PACMA;2582;0;48.34;1.06;1.23;1.1;0.0
6;1;4;Almería;709340;6;809;502621;502627;242961;2661;2990;299763;ESCAÑOS EN BLANCO;EB;513;0;48.34;0.21;1.23;1.1;0.0
7;1;4;Almería;709340;6;809;502621;502627;242961;2661;2990;299763;POR UN MUNDO MÁS JUSTO;PUM+J;371;0;48.34;0.15;1.23;1.1;0.0
8;1;4;Almería;709340;6;809;502621;502627;242961;2661;2990;299763;RECORTES CERO-GRUPO VERDE;RECORTES CERO-GV;360;0;48.34;0.15;1.23;1.1;0.0
9;1;4;Almería;709340;6;809;502621;502627;242961;2661;2990;299763;ANDALUCÍA POR SÍ;AxSÍ;318;0;48.34;0.13;1.23;1.1;0.0
10;1;4;Almería;709340;6;809;502621;502627;242961;2661;2990;299763;PARTIDO COMUNISTA DEL PUEBLO ANDALUZ;PCPA;303;0;48.34;0.12;1.23;1.1;0.0
11;1;11;Cádiz;1238714;9;1520;1002293;1002295;504692;9221;8116;606858;PARTIDO SOCIALISTA OBRERO ESPAÑOL;PSOE;188271;3;50.35;37.3;1.61;1.83;33.33
12;1;11;Cádiz;1238714;9;1520;1002293;1002295;504692;9221;8116;606858;VOX;VOX;131205;2;50.35;26.0;1.61;1.83;22.22
13;1;11;Cádiz;1238714;9;1520;1002293;1002295;504692;9221;8116;606858;PARTIDO POPULAR;PP;111089;2;50.35;22.01;1.61;1.83;22.22
14;1;11;Cádiz;1238714;9;1520;1002293;1002295;504692;9221;8116;606858;UNIDAS PODEMOS;PODEMOS-IU LV CA;93541;1;50.35;18.53;1.61;1.83;11.11
15;1;11;Cádiz;1238714;9;1520;1002293;1002295;504692;9221;8116;606858;CIUDADANOS-PARTIDO DE LA CIUDADANÍA;Cs;55490;1;50.35;10.99;1.61;1.83;11.11
16;1;11;Cádiz;1238714;9;1520;1002293;1002295;504692;9221;8116;606858;MÁS PAÍS-ANDALUCÍA;MÁS PAÍS-AN;11316;0;50.35;2.24;1.61;1.83;0.0
17;1;11;Cádiz;1238714;9;1520;1002293;1002295;504692;9221;8116;606858;PARTIDO ANIMALISTA CONTRA EL MALTRATO ANIMAL;PACMA;8437;0;50.35;1.67;1.61;1.83;0.0
18;1;11;Cádiz;1238714;9;1520;1002293;1002295;504692;9221;8116;606858;ANDALUCÍA POR SÍ;AxSÍ;3509;0;50.35;0.7;1.61;1.83;0.0
19;1;11;Cádiz;1238714;9;1520;1002293;1002295;504692;9221;8116;606858;PARTIDO COMUNISTA OBRERO ESPAÑOL;PCOE;1739;0;50.35;0.34;1.61;1.83;0.0
20;1;11;Cádiz;1238714;9;1520;1002293;1002295;504692;9221;8116;606858;RECORTES CERO-GRUPO VERDE;RECORTES CERO-GV;915;0;50.35;0.18;1.61;1.83;0.0
21;1;11;Cádiz;1238714;9;1520;1002293;1002295;504692;9221;8116;606858;POR UN MUNDO MÁS JUSTO;PUM+J;707;0;50.35;0.14;1.61;1.83;0.0
22;1;11;Cádiz;1238714;9;1520;1002293;1002295;504692;9221;8116;606858;PARTIDO COMUNISTA DEL PUEBLO ANDALUZ;PCPA;639;0;50.35;0.13;1.61;1.83;0.0
23;1;14;Córdoba;785240;6;935;648338;648341;358996;5405;7399;438971;PARTIDO SOCIALISTA OBRERO ESPAÑOL;PSOE;146761;2;55.37;40.88;2.06;1.51;33.33
24;1;14;Córdoba;785240;6;935;648338;648341;358996;5405;7399;438971;PARTIDO POPULAR;PP;99999;2;55.37;27.86;2.06;1.51;33.33
25;1;14;Córdoba;785240;6;935;648338;648341;358996;5405;7399;438971;VOX;VOX;82534;1;55.37;22.99;2.06;1.51;16.67
26;1;14;Córdoba;785240;6;935;648338;648341;358996;5405;7399;438971;UNIDAS PODEMOS;PODEMOS-IU LV CA;64769;1;55.37;18.04;2.06;1.51;16.67
27;1;14;Córdoba;785240;6;935;648338;648341;358996;5405;7399;438971;CIUDADANOS-PARTIDO DE LA CIUDADANÍA;Cs;36229;0;55.37;10.09;2.06;1.51;0.0
28;1;14;Córdoba;785240;6;935;648338;648341;358996;5405;7399;438971;PARTIDO ANIMALISTA CONTRA EL MALTRATO ANIMAL;PACMA;3946;0;55.37;1.1;2.06;1.51;0.0
29;1;14;Córdoba;785240;6;935;648338;648341;358996;5405;7399;438971;PARTIDO COMUNISTA OBRERO ESPAÑOL;PCOE;1062;0;55.37;0.3;2.06;1.51;0.0
30;1;14;Córdoba;785240;6;935;648338;648341;358996;5405;7399;438971;ANDALUCÍA POR SÍ;AxSÍ;1019;0;55.37;0.28;2.06;1.51;0.0
31;1;14;Córdoba;785240;6;935;648338;648341;358996;5405;7399;438971;ESCAÑOS EN BLANCO;EB;760;0;55.37;0.21;2.06;1.51;0.0
32;1;14;Córdoba;785240;6;935;648338;648341;358996;5405;7399;438971;RECORTES CERO-GRUPO VERDE;RECORTES CERO-GV;549;0;55.37;0.15;2.06;1.51;0.0
33;1;14;Córdoba;785240;6;935;648338;648341;358996;5405;7399;438971;PARTIDO COMUNISTA DEL PUEBLO ANDALUZ;PCPA;544;0;55.37;0.15;2.06;1.51;0.0
34;1;14;Córdoba;785240;6;935;648338;648341;358996;5405;7399;438971;POR UN MUNDO MÁS JUSTO;PUM+J;478;0;55.37;0.13;2.06;1.51;0.0
35;1;14;Córdoba;785240;6;935;648338;648341;358996;5405;7399;438971;PARTIDO COMUNISTA DE LOS TRABAJADORES DE ESPAÑA;PCTE;321;0;55.37;0.09;2.06;1.51;0.0
36;1;18;Granada;912075;7;1100;755007;755007;389916;4528;8123;478251;PARTIDO SOCIALISTA OBRERO ESPAÑOL;PSOE;160190;3;51.64;41.08;2.08;1.16;42.86
37;1;18;Granada;912075;7;1100;755007;755007;389916;4528;8123;478251;PARTIDO POPULAR;PP;105192;2;51.64;26.98;2.08;1.16;28.57
38;1;18;Granada;912075;7;1100;755007;755007;389916;4528;8123;478251;VOX;VOX;99928;1;51.64;25.63;2.08;1.16;14.29
39;1;18;Granada;912075;7;1100;755007;755007;389916;4528;8123;478251;UNIDAS PODEMOS;PODEMOS-IU LV CA;59331;1;51.64;15.22;2.08;1.16;14.29
40;1;18;Granada;912075;7;1100;755007;755007;389916;4528;8123;478251;CIUDADANOS-PARTIDO DE LA CIUDADANÍA;Cs;37772;0;51.64;9.69;2.08;1.16;0.0
41;1;18;Granada;912075;7;1100;755007;755007;389916;4528;8123;478251;MÁS PAÍS-ANDALUCÍA;MÁS PAÍS-AN;8629;0;51.64;2.21;2.08;1.16;0.0
42;1;18;Granada;912075;7;1100;755007;755007;389916;4528;8123;478251;PARTIDO ANIMALISTA CONTRA EL MALTRATO ANIMAL;PACMA;4095;0;51.64;1.05;2.08;1.16;0.0
43;1;18;Granada;912075;7;1100;755007;755007;389916;4528;8123;478251;POR UN MUNDO MÁS JUSTO;PUM+J;624;0;51.64;0.16;2.08;1.16;0.0
44;1;18;Granada;912075;7;1100;755007;755007;389916;4528;8123;478251;ANDALUCÍA POR SÍ;AxSÍ;619;0;51.64;0.16;2.08;1.16;0.0
45;1;18;Granada;912075;7;1100;755007;755007;389916;4528;8123;478251;RECORTES CERO-GRUPO VERDE;RECORTES CERO-GV;545;0;51.64;0.14;2.08;1.16;0.0
46;1;18;Granada;912075;7;1100;755007;755007;389916;4528;8123;478251;CONVERGENCIA ANDALUZA;CAnda;520;0;51.64;0.13;2.08;1.16;0.0
47;1;18;Granada;912075;7;1100;755007;755007;389916;4528;8123;478251;PARTIDO COMUNISTA DEL PUEBLO ANDALUZ;PCPA;371;0;51.64;0.1;2.08;1.16;0.0
48;1;18;Granada;912075;7;1100;755007;755007;389916;4528;8123;478251;PARTIDO COMUNISTA DE LOS TRABAJADORES DE ESPAÑA;PCTE;322;0;51.64;0.08;2.08;1.16;0.0
49;1;18;Granada;912075;7;1100;755007;755007;389916;4528;8123;478251;IZQUIERDA ANTICAPITALISTA REVOLUCIONARIA;IZAR;113;0;51.64;0.03;2.08;1.16;0.0
50;1;21;Huelva;519932;5;650;399014;399019;197236;3345;4648;247336;PARTIDO SOCIALISTA OBRERO ESPAÑOL;PSOE;91656;3;49.43;46.47;2.36;1.7;60.0
51;1;21;Huelva;519932;5;650;399014;399019;197236;3345;4648;247336;VOX;VOX;52485;1;49.43;26.61;2.36;1.7;20.0
52;1;21;Huelva;519932;5;650;399014;399019;197236;3345;4648;247336;PARTIDO POPULAR;PP;49452;1;49.43;25.07;2.36;1.7;20.0
53;1;21;Huelva;519932;5;650;399014;399019;197236;3345;4648;247336;UNIDAS PODEMOS;PODEMOS-IU LV CA;30389;0;49.43;15.41;2.36;1.7;0.0
54;1;21;Huelva;519932;5;650;399014;399019;197236;3345;4648;247336;CIUDADANOS-PARTIDO DE LA CIUDADANÍA;Cs;18382;0;49.43;9.32;2.36;1.7;0.0
55;1;21;Huelva;519932;5;650;399014;399019;197236;3345;4648;247336;PARTIDO ANIMALISTA CONTRA EL MALTRATO ANIMAL;PACMA;2535;0;49.43;1.29;2.36;1.7;0.0
56;1;21;Huelva;519932;5;650;399014;399019;197236;3345;4648;247336;ANDALUCÍA POR SÍ;AxSÍ;856;0;49.43;0.43;2.36;1.7;0.0
57;1;21;Huelva;519932;5;650;399014;399019;197236;3345;4648;247336;RECORTES CERO-GRUPO VERDE;RECORTES CERO-GV;495;0;49.43;0.25;2.36;1.7;0.0
58;1;21;Huelva;519932;5;650;399014;399019;197236;3345;4648;247336;PARTIDO COMUNISTA OBRERO ESPAÑOL;PCOE;464;0;49.43;0.24;2.36;1.7;0.0
59;1;21;Huelva;519932;5;650;399014;399019;197236;3345;4648;247336;POR UN MUNDO MÁS JUSTO;PUM+J;351;0;49.43;0.18;2.36;1.7;0.0
60;1;21;Huelva;519932;5;650;399014;399019;197236;3345;4648;247336;PARTIDO COMUNISTA DEL PUEBLO ANDALUZ;PCPA;159;0;49.43;0.08;2.36;1.7;0.0
61;1;21;Huelva;519932;5;650;399014;399019;197236;3345;4648;247336;PARTIDO COMUNISTA DE LOS TRABAJADORES DE ESPAÑA;PCTE;112;0;49.43;0.06;2.36;1.7;0.0
62;1;23;Jaén;638099;5;892;526661;526659;289323;3361;5937;361745;PARTIDO SOCIALISTA OBRERO ESPAÑOL;PSOE;141737;3;54.94;48.99;2.05;1.16;60.0
63;1;23;Jaén;638099;5;892;526661;526659;289323;3361;5937;361745;PARTIDO POPULAR;PP;82055;1;54.94;28.36;2.05;1.16;20.0
64;1;23;Jaén;638099;5;892;526661;526659;289323;3361;5937;361745;VOX;VOX;71950;1;54.94;24.87;2.05;1.16;20.0
65;1;23;Jaén;638099;5;892;526661;526659;289323;3361;5937;361745;UNIDAS PODEMOS;PODEMOS-IU LV CA;35962;0;54.94;12.43;2.05;1.16;0.0
66;1;23;Jaén;638099;5;892;526661;526659;289323;3361;5937;361745;CIUDADANOS-PARTIDO DE LA CIUDADANÍA;Cs;24816;0;54.94;8.58;2.05;1.16;0.0
67;1;23;Jaén;638099;5;892;526661;526659;289323;3361;5937;361745;PARTIDO ANIMALISTA CONTRA EL MALTRATO ANIMAL;PACMA;2766;0;54.94;0.96;2.05;1.16;0.0
68;1;23;Jaén;638099;5;892;526661;526659;289323;3361;5937;361745;ANDALUCÍA POR SÍ;AxSÍ;856;0;54.94;0.3;2.05;1.16;0.0
69;1;23;Jaén;638099;5;892;526661;526659;289323;3361;5937;361745;PARTIDO COMUNISTA DE LOS TRABAJADORES DE ESPAÑA;PCTE;471;0;54.94;0.16;2.05;1.16;0.0
70;1;23;Jaén;638099;5;892;526661;526659;289323;3361;5937;361745;RECORTES CERO-GRUPO VERDE;RECORTES CERO-GV;464;0;54.94;0.16;2.05;1.16;0.0
71;1;23;Jaén;638099;5;892;526661;526659;289323;3361;5937;361745;POR UN MUNDO MÁS JUSTO;PUM+J;419;0;54.94;0.14;2.05;1.16;0.0
72;1;23;Jaén;638099;5;892;526661;526659;289323;3361;5937;361745;PARTIDO REPUBLICANO INDEPENDIENTE SOLIDARIO ANDALUZ;RISA;249;0;54.94;0.09;2.05;1.16;0.0
73;1;29;Málaga;1641121;11;1662;1197688;1197688;618588;8358;10098;748363;PARTIDO SOCIALISTA OBRERO ESPAÑOL;PSOE;226831;4;51.65;36.67;1.63;1.35;36.36
74;1;29;Málaga;1641121;11;1662;1197688;1197688;618588;8358;10098;748363;PARTIDO POPULAR;PP;163177;3;51.65;26.38;1.63;1.35;27.27
75;1;29;Málaga;1641121;11;1662;1197688;1197688;618588;8358;10098;748363;VOX;VOX;162280;2;51.65;26.23;1.63;1.35;18.18
76;1;29;Málaga;1641121;11;1662;1197688;1197688;618588;8358;10098;748363;UNIDAS PODEMOS;PODEMOS-IU LV CA;97801;1;51.65;15.81;1.63;1.35;9.09
77;1;29;Málaga;1641121;11;1662;1197688;1197688;618588;8358;10098;748363;CIUDADANOS-PARTIDO DE LA CIUDADANÍA;Cs;66995;1;51.65;10.83;1.63;1.35;9.09
78;1;29;Málaga;1641121;11;1662;1197688;1197688;618588;8358;10098;748363;MÁS PAÍS-ANDALUCÍA;MÁS PAÍS-AN;14112;0;51.65;2.28;1.63;1.35;0.0
79;1;29;Málaga;1641121;11;1662;1197688;1197688;618588;8358;10098;748363;PARTIDO ANIMALISTA CONTRA EL MALTRATO ANIMAL;PACMA;11089;0;51.65;1.79;1.63;1.35;0.0
80;1;29;Málaga;1641121;11;1662;1197688;1197688;618588;8358;10098;748363;ANDALUCÍA POR SÍ;AxSÍ;1686;0;51.65;0.27;1.63;1.35;0.0
81;1;29;Málaga;1641121;11;1662;1197688;1197688;618588;8358;10098;748363;PARTIDO COMUNISTA OBRERO ESPAÑOL;PCOE;1265;0;51.65;0.2;1.63;1.35;0.0
82;1;29;Málaga;1641121;11;1662;1197688;1197688;618588;8358;10098;748363;RECORTES CERO-GRUPO VERDE;RECORTES CERO-GV;1261;0;51.65;0.2;1.63;1.35;0.0
83;1;29;Málaga;1641121;11;1662;1197688;1197688;618588;8358;10098;748363;POR UN MUNDO MÁS JUSTO;PUM+J;904;0;51.65;0.15;1.63;1.35;0.0
84;1;29;Málaga;1641121;11;1662;1197688;1197688;618588;8358;10098;748363;PARTIDO COMUNISTA DEL PUEBLO ANDALUZ;PCPA;581;0;51.65;0.09;1.63;1.35;0.0
85;1;29;Málaga;1641121;11;1662;1197688;1197688;618588;8358;10098;748363;PARTIDO COMUNISTA DE LOS TRABAJADORES DE ESPAÑA;PCTE;381;0;51.65;0.06;1.63;1.35;0.0
86;1;41;Sevilla;1939887;12;2560;1547735;1547744;869323;13793;17729;1039725;PARTIDO SOCIALISTA OBRERO ESPAÑOL;PSOE;380385;5;56.17;43.76;2.04;1.59;41.67
87;1;41;Sevilla;1939887;12;2560;1547735;1547744;869323;13793;17729;1039725;VOX;VOX;188813;2;56.17;21.72;2.04;1.59;16.67
88;1;41;Sevilla;1939887;12;2560;1547735;1547744;869323;13793;17729;1039725;PARTIDO POPULAR;PP;188166;2;56.17;21.65;2.04;1.59;16.67
89;1;41;Sevilla;1939887;12;2560;1547735;1547744;869323;13793;17729;1039725;UNIDAS PODEMOS;PODEMOS-IU LV CA;153435;2;56.17;17.65;2.04;1.59;16.67
90;1;41;Sevilla;1939887;12;2560;1547735;1547744;869323;13793;17729;1039725;CIUDADANOS-PARTIDO DE LA CIUDADANÍA;Cs;83575;1;56.17;9.61;2.04;1.59;8.33
91;1;41;Sevilla;1939887;12;2560;1547735;1547744;869323;13793;17729;1039725;MÁS PAÍS-ANDALUCÍA;MÁS PAÍS-AN;22388;0;56.17;2.58;2.04;1.59;0.0
92;1;41;Sevilla;1939887;12;2560;1547735;1547744;869323;13793;17729;1039725;PARTIDO ANIMALISTA CONTRA EL MALTRATO ANIMAL;PACMA;12035;0;56.17;1.38;2.04;1.59;0.0
93;1;41;Sevilla;1939887;12;2560;1547735;1547744;869323;13793;17729;1039725;ANDALUCÍA POR SÍ;AxSÍ;5183;0;56.17;0.6;2.04;1.59;0.0
94;1;41;Sevilla;1939887;12;2560;1547735;1547744;869323;13793;17729;1039725;PARTIDO COMUNISTA OBRERO ESPAÑOL;PCOE;1495;0;56.17;0.17;2.04;1.59;0.0
95;1;41;Sevilla;1939887;12;2560;1547735;1547744;869323;13793;17729;1039725;RECORTES CERO-GRUPO VERDE;RECORTES CERO-GV;1456;0;56.17;0.17;2.04;1.59;0.0
96;1;41;Sevilla;1939887;12;2560;1547735;1547744;869323;13793;17729;1039725;POR UN MUNDO MÁS JUSTO;PUM+J;1402;0;56.17;0.16;2.04;1.59;0.0
97;1;41;Sevilla;1939887;12;2560;1547735;1547744;869323;13793;17729;1039725;PARTIDO COMUNISTA DEL PUEBLO ANDALUZ;PCPA;842;0;56.17;0.1;2.04;1.59;0.0
98;1;41;Sevilla;1939887;12;2560;1547735;1547744;869323;13793;17729;1039725;PARTIDO COMUNISTA DE LOS TRABAJADORES DE ESPAÑA;PCTE;550;0;56.17;0.06;2.04;1.59;0.0
116;2;22;Huesca;219345;3;399;172721;172722;89512;1363;1194;112234;PARTIDO SOCIALISTA OBRERO ESPAÑOL;PSOE;38101;2;51.82;42.57;1.33;1.52;66.67
117;2;22;Huesca;219345;3;399;172721;172722;89512;1363;1194;112234;PARTIDO POPULAR;PP;29804;1;51.82;33.3;1.33;1.52;33.33
118;2;22;Huesca;219345;3;399;172721;172722;89512;1363;1194;112234;VOX;VOX;17237;0;51.82;19.26;1.33;1.52;0.0
119;2;22;Huesca;219345;3;399;172721;172722;89512;1363;1194;112234;UNIDAS PODEMOS-ALTOARAGÓN EN COMÚN;PODEMOS-IU-;14035;0;51.82;15.68;1.33;1.52;0.0
120;2;22;Huesca;219345;3;399;172721;172722;89512;1363;1194;112234;CIUDADANOS-PARTIDO DE LA CIUDADANÍA;Cs;9244;0;51.82;10.33;1.33;1.52;0.0
121;2;22;Huesca;219345;3;399;172721;172722;89512;1363;1194;112234;CHUNTA ARAGONESISTA;CHA;2000;0;51.82;2.23;1.33;1.52;0.0
122;2;22;Huesca;219345;3;399;172721;172722;89512;1363;1194;112234;PARTIDO ANIMALISTA CONTRA EL MALTRATO ANIMAL;PACMA;735;0;51.82;0.82;1.33;1.52;0.0
123;2;22;Huesca;219345;3;399;172721;172722;89512;1363;1194;112234;ESCAÑOS EN BLANCO;EB;393;0;51.82;0.44;1.33;1.52;0.0
124;2;22;Huesca;219345;3;399;172721;172722;89512;1363;1194;112234;RECORTES CERO-GRUPO VERDE;RECORTES CERO-GV;198;0;51.82;0.22;1.33;1.52;0.0
125;2;22;Huesca;219345;3;399;172721;172722;89512;1363;1194;112234;POR UN MUNDO MÁS JUSTO;PUM+J;153;0;51.82;0.17;1.33;1.52;0.0
126;2;22;Huesca;219345;3;399;172721;172722;89512;1363;1194;112234;PARTIDO COMUNISTA DE LOS PUEBLOS DE ESPAÑA;PCPE;100;0;51.82;0.11;1.33;1.52;0.0
127;2;22;Huesca;219345;3;399;172721;172722;89512;1363;1194;112234;PARTIDO COMUNISTA DE LOS TRABAJADORES DE ESPAÑA;PCTE;86;0;51.82;0.1;1.33;1.52;0.0
128;2;22;Huesca;219345;3;399;172721;172722;89512;1363;1194;112234;FEDERACIÓN DE LOS INDEPENDIENTES DE ARAGÓN;FIA;75;0;51.82;0.08;1.33;1.52;0.0
129;2;22;Huesca;219345;3;399;172721;172722;89512;1363;1194;112234;PUYALON;PYLN;73;0;51.82;0.08;1.33;1.52;0.0
130;2;44;Teruel;134572;3;333;107466;107467;59567;403;531;73727;AGRUPACIÓN DE ELECTORES TERUEL EXISTE;¡TERUEL EXI;19761;1;55.43;33.17;0.89;0.68;33.33
131;2;44;Teruel;134572;3;333;107466;107467;59567;403;531;73727;PARTIDO SOCIALISTA OBRERO ESPAÑOL;PSOE;18934;1;55.43;31.79;0.89;0.68;33.33
132;2;44;Teruel;134572;3;333;107466;107467;59567;403;531;73727;PARTIDO POPULAR;PP;17520;1;55.43;29.41;0.89;0.68;33.33
133;2;44;Teruel;134572;3;333;107466;107467;59567;403;531;73727;VOX;VOX;9346;0;55.43;15.69;0.89;0.68;0.0
134;2;44;Teruel;134572;3;333;107466;107467;59567;403;531;73727;UNIDAS PODEMOS;PODEMOS-IU;3982;0;55.43;6.68;0.89;0.68;0.0
135;2;44;Teruel;134572;3;333;107466;107467;59567;403;531;73727;CIUDADANOS-PARTIDO DE LA CIUDADANÍA;Cs;3732;0;55.43;6.27;0.89;0.68;0.0
136;2;44;Teruel;134572;3;333;107466;107467;59567;403;531;73727;PARTIDO ANIMALISTA CONTRA EL MALTRATO ANIMAL;PACMA;212;0;55.43;0.36;0.89;0.68;0.0
137;2;44;Teruel;134572;3;333;107466;107467;59567;403;531;73727;PARTIDO COMUNISTA OBRERO ESPAÑOL;PCOE;96;0;55.43;0.16;0.89;0.68;0.0
138;2;44;Teruel;134572;3;333;107466;107467;59567;403;531;73727;PARTIDO COMUNISTA DE LOS PUEBLOS DE ESPAÑA;PCPE;45;0;55.43;0.08;0.89;0.68;0.0
139;2;44;Teruel;134572;3;333;107466;107467;59567;403;531;73727;POR UN MUNDO MÁS JUSTO;PUM+J;35;0;55.43;0.06;0.89;0.68;0.0
140;2;44;Teruel;134572;3;333;107466;107467;59567;403;531;73727;UNIÓN DE TODOS;UDT;26;0;55.43;0.04;0.89;0.68;0.0
141;2;44;Teruel;134572;3;333;107466;107467;59567;403;531;73727;PUYALON;PYLN;25;0;55.43;0.04;0.89;0.68;0.0
142;2;44;Teruel;134572;3;333;107466;107467;59567;403;531;73727;AUNA COMUNITAT VALENCIANA;AUNACV;13;0;55.43;0.02;0.89;0.68;0.0
143;2;44;Teruel;134572;3;333;107466;107467;59567;403;531;73727;RECORTES CERO-GRUPO VERDE;RECORTES CERO-GV;0;0;55.43;0.0;0.89;0.68;0.0
144;2;50;Zaragoza;954811;7;1435;739570;739573;419966;4989;4355;508295;PARTIDO SOCIALISTA OBRERO ESPAÑOL;PSOE;158326;3;56.79;37.7;1.04;1.19;42.86
145;2;50;Zaragoza;954811;7;1435;739570;739573;419966;4989;4355;508295;PARTIDO POPULAR;PP;119909;2;56.79;28.55;1.04;1.19;28.57
146;2;50;Zaragoza;954811;7;1435;739570;739573;419966;4989;4355;508295;VOX;VOX;92353;1;56.79;21.99;1.04;1.19;14.29
147;2;50;Zaragoza;954811;7;1435;739570;739573;419966;4989;4355;508295;UNIDAS PODEMOS;PODEMOS-IU;57875;1;56.79;13.78;1.04;1.19;14.29
148;2;50;Zaragoza;954811;7;1435;739570;739573;419966;4989;4355;508295;CIUDADANOS-PARTIDO DE LA CIUDADANÍA;Cs;47001;0;56.79;11.19;1.04;1.19;0.0
149;2;50;Zaragoza;954811;7;1435;739570;739573;419966;4989;4355;508295;MÁS PAÍS-CHUNTA ARAGONESISTA-EQUO;M PAÍS-CHA-;23196;0;56.79;5.52;1.04;1.19;0.0
150;2;50;Zaragoza;954811;7;1435;739570;739573;419966;4989;4355;508295;PARTIDO ANIMALISTA CONTRA EL MALTRATO ANIMAL;PACMA;3618;0;56.79;0.86;1.04;1.19;0.0
151;2;50;Zaragoza;954811;7;1435;739570;739573;419966;4989;4355;508295;ESCAÑOS EN BLANCO;EB;1940;0;56.79;0.46;1.04;1.19;0.0
152;2;50;Zaragoza;954811;7;1435;739570;739573;419966;4989;4355;508295;MOVIMIENTO ARAGONES SOCIAL;MAS;1068;0;56.79;0.25;1.04;1.19;0.0
153;2;50;Zaragoza;954811;7;1435;739570;739573;419966;4989;4355;508295;RECORTES CERO-GRUPO VERDE;RECORTES CERO-GV;861;0;56.79;0.21;1.04;1.19;0.0
154;2;50;Zaragoza;954811;7;1435;739570;739573;419966;4989;4355;508295;PUYALON;PYLN;532;0;56.79;0.13;1.04;1.19;0.0
155;2;50;Zaragoza;954811;7;1435;739570;739573;419966;4989;4355;508295;POR UN MUNDO MÁS JUSTO;PUM+J;485;0;56.79;0.12;1.04;1.19;0.0
156;2;50;Zaragoza;954811;7;1435;739570;739573;419966;4989;4355;508295;PARTIDO COMUNISTA DE LOS TRABAJADORES DE ESPAÑA;PCTE;414;0;56.79;0.1;1.04;1.19;0.0
157;2;50;Zaragoza;954811;7;1435;739570;739573;419966;4989;4355;508295;FEDERACIÓN DE LOS INDEPENDIENTES DE ARAGÓN;FIA;386;0;56.79;0.09;1.04;1.19;0.0
158;2;50;Zaragoza;954811;7;1435;739570;739573;419966;4989;4355;508295;PARTIDO COMUNISTA DE LOS PUEBLOS DE ESPAÑA;PCPE;331;0;56.79;0.08;1.04;1.19;0.0
179;3;33;Asturias;1028244;7;1541;972579;972580;456786;7041;5486;552704;PARTIDO SOCIALISTA OBRERO ESPAÑOL;PSOE;186211;3;46.97;40.77;1.2;1.54;42.86
180;3;33;Asturias;1028244;7;1541;972579;972580;456786;7041;5486;552704;PARTIDO POPULAR-FORO;PP-FORO;129945;2;46.97;28.45;1.2;1.54;28.57
181;3;33;Asturias;1028244;7;1541;972579;972580;456786;7041;5486;552704;UNIDAS PODEMOS-XUNÍES PODEMOS;PODEMOS-IX;89301;1;46.97;19.55;1.2;1.54;14.29
182;3;33;Asturias;1028244;7;1541;972579;972580;456786;7041;5486;552704;VOX;VOX;88788;1;46.97;19.44;1.2;1.54;14.29
183;3;33;Asturias;1028244;7;1541;972579;972580;456786;7041;5486;552704;CIUDADANOS-PARTIDO DE LA CIUDADANÍA;Cs;37374;0;46.97;8.18;1.2;1.54;0.0
184;3;33;Asturias;1028244;7;1541;972579;972580;456786;7041;5486;552704;MÁS PAÍS-EQUO;MÁS PAÍS-EQ;12732;0;46.97;2.79;1.2;1.54;0.0
185;3;33;Asturias;1028244;7;1541;972579;972580;456786;7041;5486;552704;PARTIDO ANIMALISTA CONTRA EL MALTRATO ANIMAL;PACMA;4412;0;46.97;0.97;1.2;1.54;0.0
186;3;33;Asturias;1028244;7;1541;972579;972580;456786;7041;5486;552704;ANDECHA ASTUR;ANDECHA;887;0;46.97;0.19;1.2;1.54;0.0
187;3;33;Asturias;1028244;7;1541;972579;972580;456786;7041;5486;552704;PARTIDO COMUNISTA DE LOS TRABAJADORES DE ESPAÑA;PCTE;843;0;46.97;0.18;1.2;1.54;0.0
188;3;33;Asturias;1028244;7;1541;972579;972580;456786;7041;5486;552704;RECORTES CERO-GRUPO VERDE;RECORTES CERO-GV;732;0;46.97;0.16;1.2;1.54;0.0
189;3;33;Asturias;1028244;7;1541;972579;972580;456786;7041;5486;552704;PARTIDO COMUNISTA DE LOS PUEBLOS DE ESPAÑA;PCPE;626;0;46.97;0.14;1.2;1.54;0.0
190;3;33;Asturias;1028244;7;1541;972579;972580;456786;7041;5486;552704;POR UN MUNDO MÁS JUSTO;PUM+J;487;0;46.97;0.11;1.2;1.54;0.0
191;3;33;Asturias;1028244;7;1541;972579;972580;456786;7041;5486;552704;PARTIDO HUMANISTA;PH;366;0;46.97;0.08;1.2;1.54;0.0
227;5;35;Las Palmas;1109175;8;1511;871724;871728;356789;3975;5426;479953;PARTIDO SOCIALISTA OBRERO ESPAÑOL;PSOE;141078;3;40.93;39.54;1.52;1.11;37.5
228;5;35;Las Palmas;1109175;8;1511;871724;871728;356789;3975;5426;479953;PARTIDO POPULAR;PP;103375;2;40.93;28.97;1.52;1.11;25.0
229;5;35;Las Palmas;1109175;8;1511;871724;871728;356789;3975;5426;479953;UNIDAS PODEMOS;PODEMOS-IU;74648;1;40.93;20.92;1.52;1.11;12.5
230;5;35;Las Palmas;1109175;8;1511;871724;871728;356789;3975;5426;479953;VOX;VOX;64515;1;40.93;18.08;1.52;1.11;12.5
231;5;35;Las Palmas;1109175;8;1511;871724;871728;356789;3975;5426;479953;NUEVA CANARIAS-COALICIÓN CANARIA;NC-CCa-PNC;48028;1;40.93;13.46;1.52;1.11;12.5
232;5;35;Las Palmas;1109175;8;1511;871724;871728;356789;3975;5426;479953;CIUDADANOS-PARTIDO DE LA CIUDADANÍA;Cs;28018;0;40.93;7.85;1.52;1.11;0.0
233;5;35;Las Palmas;1109175;8;1511;871724;871728;356789;3975;5426;479953;MÁS PAÍS-EQUO;MÁS PAÍS-EQ;8389;0;40.93;2.35;1.52;1.11;0.0
234;5;35;Las Palmas;1109175;8;1511;871724;871728;356789;3975;5426;479953;PARTIDO ANIMALISTA CONTRA EL MALTRATO ANIMAL;PACMA;5796;0;40.93;1.62;1.52;1.11;0.0
235;5;35;Las Palmas;1109175;8;1511;871724;871728;356789;3975;5426;479953;LOS VERDES;VERDES;1864;0;40.93;0.52;1.52;1.11;0.0
236;5;35;Las Palmas;1109175;8;1511;871724;871728;356789;3975;5426;479953;AHORA CANARIAS: Alternativa Nacionalista Canaria (ANC) y Unidad del Pueblo;AHORA CANARIAS;1110;0;40.93;0.31;1.52;1.11;0.0
237;5;35;Las Palmas;1109175;8;1511;871724;871728;356789;3975;5426;479953;PARTIDO COMUNISTA DEL PUEBLO CANARIO;PCPC;728;0;40.93;0.2;1.52;1.11;0.0
238;5;35;Las Palmas;1109175;8;1511;871724;871728;356789;3975;5426;479953;PARTIDO DEMÓCRATA SOCIAL JUBILADOS EUROPEOS;PDSJE;713;0;40.93;0.2;1.52;1.11;0.0
239;5;35;Las Palmas;1109175;8;1511;871724;871728;356789;3975;5426;479953;POR UN MUNDO MÁS JUSTO;PUM+J;552;0;40.93;0.15;1.52;1.11;0.0
240;5;35;Las Palmas;1109175;8;1511;871724;871728;356789;3975;5426;479953;RECORTES CERO-GRUPO VERDE;RECORTES CERO-GV;505;0;40.93;0.14;1.52;1.11;0.0
241;5;35;Las Palmas;1109175;8;1511;871724;871728;356789;3975;5426;479953;CONTIGO SOMOS DEMOCRACIA;CONTIGO;358;0;40.93;0.1;1.52;1.11;0.0
242;5;35;Las Palmas;1109175;8;1511;871724;871728;356789;3975;5426;479953;PARTIDO HUMANISTA;PH;276;0;40.93;0.08;1.52;1.11;0.0
243;5;38;Santa Cruz de Tenerife;1018510;7;1307;855135;855138;343517;3380;4443;460199;PARTIDO SOCIALISTA OBRERO ESPAÑOL;PSOE;132518;2;40.17;38.58;1.29;0.98;28.57
244;5;38;Santa Cruz de Tenerife;1018510;7;1307;855135;855138;343517;3380;4443;460199;PARTIDO POPULAR;PP;93434;2;40.17;27.2;1.29;0.98;28.57
245;5;38;Santa Cruz de Tenerife;1018510;7;1307;855135;855138;343517;3380;4443;460199;COALICIÓN CANARIA-NUEVA CANARIAS;CCa-PNC-NC;76261;1;40.17;22.2;1.29;0.98;14.29
246;5;38;Santa Cruz de Tenerife;1018510;7;1307;855135;855138;343517;3380;4443;460199;UNIDAS PODEMOS;PODEMOS-IU;64613;1;40.17;18.81;1.29;0.98;14.29
247;5;38;Santa Cruz de Tenerife;1018510;7;1307;855135;855138;343517;3380;4443;460199;VOX;VOX;53491;1;40.17;15.57;1.29;0.98;14.29
248;5;38;Santa Cruz de Tenerife;1018510;7;1307;855135;855138;343517;3380;4443;460199;CIUDADANOS-PARTIDO DE LA CIUDADANÍA;Cs;22979;0;40.17;6.69;1.29;0.98;0.0
249;5;38;Santa Cruz de Tenerife;1018510;7;1307;855135;855138;343517;3380;4443;460199;MÁS PAÍS-EQUO;MÁS PAÍS-EQ;6583;0;40.17;1.92;1.29;0.98;0.0
250;5;38;Santa Cruz de Tenerife;1018510;7;1307;855135;855138;343517;3380;4443;460199;PARTIDO ANIMALISTA CONTRA EL MALTRATO ANIMAL;PACMA;6150;0;40.17;1.79;1.29;0.98;0.0
251;5;38;Santa Cruz de Tenerife;1018510;7;1307;855135;855138;343517;3380;4443;460199;LOS VERDES;VERDES;1322;0;40.17;0.38;1.29;0.98;0.0
252;5;38;Santa Cruz de Tenerife;1018510;7;1307;855135;855138;343517;3380;4443;460199;AHORA CANARIAS: Alternativa Nacionalista Canaria (ANC) y Unidad del Pueblo;AHORA CANARIAS;922;0;40.17;0.27;1.29;0.98;0.0
253;5;38;Santa Cruz de Tenerife;1018510;7;1307;855135;855138;343517;3380;4443;460199;RECORTES CERO-GRUPO VERDE;RECORTES CERO-GV;489;0;40.17;0.14;1.29;0.98;0.0
254;5;38;Santa Cruz de Tenerife;1018510;7;1307;855135;855138;343517;3380;4443;460199;PARTIDO COMUNISTA DEL PUEBLO CANARIO;PCPC;464;0;40.17;0.14;1.29;0.98;0.0
255;5;38;Santa Cruz de Tenerife;1018510;7;1307;855135;855138;343517;3380;4443;460199;ESCAÑOS EN BLANCO;EB;418;0;40.17;0.12;1.29;0.98;0.0
256;5;38;Santa Cruz de Tenerife;1018510;7;1307;855135;855138;343517;3380;4443;460199;POR UN MUNDO MÁS JUSTO;PUM+J;319;0;40.17;0.09;1.29;0.98;0.0
257;5;38;Santa Cruz de Tenerife;1018510;7;1307;855135;855138;343517;3380;4443;460199;CONTIGO SOMOS DEMOCRACIA;CONTIGO;236;0;40.17;0.07;1.29;0.98;0.0
275;6;39;Cantabria;580229;5;741;501672;501676;274280;1667;2732;325422;PARTIDO POPULAR;PP;84583;2;54.67;30.84;1.0;0.61;40.0
276;6;39;Cantabria;580229;5;741;501672;501676;274280;1667;2732;325422;PARTIDO SOCIALISTA OBRERO ESPAÑOL;PSOE;76028;1;54.67;27.72;1.0;0.61;20.0
277;6;39;Cantabria;580229;5;741;501672;501676;274280;1667;2732;325422;PARTIDO REGIONALISTA DE CANTABRIA;PRC;68830;1;54.67;25.09;1.0;0.61;20.0
278;6;39;Cantabria;580229;5;741;501672;501676;274280;1667;2732;325422;VOX;VOX;48827;1;54.67;17.8;1.0;0.61;20.0
279;6;39;Cantabria;580229;5;741;501672;501676;274280;1667;2732;325422;UNIDAS PODEMOS;PODEMOS-IU;28376;0;54.67;10.35;1.0;0.61;0.0
280;6;39;Cantabria;580229;5;741;501672;501676;274280;1667;2732;325422;CIUDADANOS-PARTIDO DE LA CIUDADANÍA;Cs;15609;0;54.67;5.69;1.0;0.61;0.0
281;6;39;Cantabria;580229;5;741;501672;501676;274280;1667;2732;325422;PARTIDO ANIMALISTA CONTRA EL MALTRATO ANIMAL;PACMA;1856;0;54.67;0.68;1.0;0.61;0.0
282;6;39;Cantabria;580229;5;741;501672;501676;274280;1667;2732;325422;PARTIDO COMUNISTA DE LOS PUEBLOS DE ESPAÑA;PCPE;262;0;54.67;0.1;1.0;0.61;0.0
283;6;39;Cantabria;580229;5;741;501672;501676;274280;1667;2732;325422;ESCAÑOS EN BLANCO;EB;259;0;54.67;0.09;1.0;0.61;0.0
284;6;39;Cantabria;580229;5;741;501672;501676;274280;1667;2732;325422;PARTIDO COMUNISTA DE LOS TRABAJADORES DE ESPAÑA;PCTE;247;0;54.67;0.09;1.0;0.61;0.0
285;6;39;Cantabria;580229;5;741;501672;501676;274280;1667;2732;325422;RECORTES CERO-GRUPO VERDE;RECORTES CERO-GV;232;0;54.67;0.08;1.0;0.61;0.0
286;6;39;Cantabria;580229;5;741;501672;501676;274280;1667;2732;325422;POR UN MUNDO MÁS JUSTO;PUM+J;187;0;54.67;0.07;1.0;0.61;0.0
287;6;39;Cantabria;580229;5;741;501672;501676;274280;1667;2732;325422;PARTIDO LIBERTARIO;P-LIB;126;0;54.67;0.05;1.0;0.61;0.0
288;6;99;Cantabria;580229;5;741;501672;501676;274280;1667;2732;325422;PARTIDO POPULAR;PP;84583;2;54.67;30.84;1.0;0.61;40.0
289;6;99;Cantabria;580229;5;741;501672;501676;274280;1667;2732;325422;PARTIDO SOCIALISTA OBRERO ESPAÑOL;PSOE;76028;1;54.67;27.72;1.0;0.61;20.0
290;6;99;Cantabria;580229;5;741;501672;501676;274280;1667;2732;325422;PARTIDO REGIONALISTA DE CANTABRIA;PRC;68830;1;54.67;25.09;1.0;0.61;20.0
291;6;99;Cantabria;580229;5;741;501672;501676;274280;1667;2732;325422;VOX;VOX;48827;1;54.67;17.8;1.0;0.61;20.0
292;6;99;Cantabria;580229;5;741;501672;501676;274280;1667;2732;325422;UNIDAS PODEMOS;PODEMOS-IU;28376;0;54.67;10.35;1.0;0.61;0.0
293;6;99;Cantabria;580229;5;741;501672;501676;274280;1667;2732;325422;CIUDADANOS-PARTIDO DE LA CIUDADANÍA;Cs;15609;0;54.67;5.69;1.0;0.61;0.0
294;6;99;Cantabria;580229;5;741;501672;501676;274280;1667;2732;325422;PARTIDO ANIMALISTA CONTRA EL MALTRATO ANIMAL;PACMA;1856;0;54.67;0.68;1.0;0.61;0.0
295;6;99;Cantabria;580229;5;741;501672;501676;274280;1667;2732;325422;PARTIDO COMUNISTA DE LOS PUEBLOS DE ESPAÑA;PCPE;262;0;54.67;0.1;1.0;0.61;0.0
296;6;99;Cantabria;580229;5;741;501672;501676;274280;1667;2732;325422;ESCAÑOS EN BLANCO;EB;259;0;54.67;0.09;1.0;0.61;0.0
297;6;99;Cantabria;580229;5;741;501672;501676;274280;1667;2732;325422;PARTIDO COMUNISTA DE LOS TRABAJADORES DE ESPAÑA;PCTE;247;0;54.67;0.09;1.0;0.61;0.0
298;6;99;Cantabria;580229;5;741;501672;501676;274280;1667;2732;325422;RECORTES CERO-GRUPO VERDE;RECORTES CERO-GV;232;0;54.67;0.08;1.0;0.61;0.0
299;6;99;Cantabria;580229;5;741;501672;501676;274280;1667;2732;325422;POR UN MUNDO MÁS JUSTO;PUM+J;187;0;54.67;0.07;1.0;0.61;0.0
300;6;99;Cantabria;580229;5;741;501672;501676;274280;1667;2732;325422;PARTIDO LIBERTARIO;P-LIB;126;0;54.67;0.05;1.0;0.61;0.0
301;7;2;Albacete;388786;4;519;309996;309996;172435;1822;2613;212482;PARTIDO SOCIALISTA OBRERO ESPAÑOL;PSOE;69848;2;55.62;40.51;1.52;1.06;50.0
302;7;2;Albacete;388786;4;519;309996;309996;172435;1822;2613;212482;PARTIDO POPULAR;PP;58835;1;55.62;34.12;1.52;1.06;25.0
303;7;2;Albacete;388786;4;519;309996;309996;172435;1822;2613;212482;VOX;VOX;44306;1;55.62;25.69;1.52;1.06;25.0
304;7;2;Albacete;388786;4;519;309996;309996;172435;1822;2613;212482;UNIDAS PODEMOS;PODEMOS-IU;20771;0;55.62;12.05;1.52;1.06;0.0
305;7;2;Albacete;388786;4;519;309996;309996;172435;1822;2613;212482;CIUDADANOS-PARTIDO DE LA CIUDADANÍA;Cs;15947;0;55.62;9.25;1.52;1.06;0.0
306;7;2;Albacete;388786;4;519;309996;309996;172435;1822;2613;212482;PARTIDO ANIMALISTA CONTRA EL MALTRATO ANIMAL;PACMA;1651;0;55.62;0.96;1.52;1.06;0.0
307;7;2;Albacete;388786;4;519;309996;309996;172435;1822;2613;212482;POR UN MUNDO MÁS JUSTO;PUM+J;375;0;55.62;0.22;1.52;1.06;0.0
308;7;2;Albacete;388786;4;519;309996;309996;172435;1822;2613;212482;RECORTES CERO-GRUPO VERDE-PARTIDO CASTELLANO-TIERRA COMUNERA;RECORTES CERO-GV-PCAS-TC;222;0;55.62;0.13;1.52;1.06;0.0
309;7;2;Albacete;388786;4;519;309996;309996;172435;1822;2613;212482;PARTIDO DEMÓCRATA SOCIAL JUBILADOS EUROPEOS;PDSJE;197;0;55.62;0.11;1.52;1.06;0.0
310;7;2;Albacete;388786;4;519;309996;309996;172435;1822;2613;212482;PARTIDO COMUNISTA DE LOS PUEBLOS DE ESPAÑA;PCPE;177;0;55.62;0.1;1.52;1.06;0.0
311;7;2;Albacete;388786;4;519;309996;309996;172435;1822;2613;212482;PARTIDO COMUNISTA DE LOS TRABAJADORES DE ESPAÑA;PCTE;153;0;55.62;0.09;1.52;1.06;0.0
312;7;13;Ciudad Real;499100;5;706;395781;395785;215130;2357;3876;266237;PARTIDO SOCIALISTA OBRERO ESPAÑOL;PSOE;92046;2;54.36;42.79;1.8;1.1;40.0
313;7;13;Ciudad Real;499100;5;706;395781;395785;215130;2357;3876;266237;PARTIDO POPULAR;PP;74835;2;54.36;34.79;1.8;1.1;40.0
314;7;13;Ciudad Real;499100;5;706;395781;395785;215130;2357;3876;266237;VOX;VOX;56050;1;54.36;26.05;1.8;1.1;20.0
315;7;13;Ciudad Real;499100;5;706;395781;395785;215130;2357;3876;266237;UNIDAS PODEMOS;PODEMOS-IU;22250;0;54.36;10.34;1.8;1.1;0.0
316;7;13;Ciudad Real;499100;5;706;395781;395785;215130;2357;3876;266237;CIUDADANOS-PARTIDO DE LA CIUDADANÍA;Cs;18337;0;54.36;8.52;1.8;1.1;0.0
317;7;13;Ciudad Real;499100;5;706;395781;395785;215130;2357;3876;266237;PARTIDO ANIMALISTA CONTRA EL MALTRATO ANIMAL;PACMA;1788;0;54.36;0.83;1.8;1.1;0.0
318;7;13;Ciudad Real;499100;5;706;395781;395785;215130;2357;3876;266237;POR UN MUNDO MÁS JUSTO;PUM+J;484;0;54.36;0.22;1.8;1.1;0.0
319;7;13;Ciudad Real;499100;5;706;395781;395785;215130;2357;3876;266237;RECORTES CERO-GRUPO VERDE-PARTIDO CASTELLANO-TIERRA COMUNERA;RECORTES CERO-GV-PCAS-TC;447;0;54.36;0.21;1.8;1.1;0.0
320;7;16;Cuenca;197222;3;383;154441;154441;87872;1002;1418;108117;PARTIDO SOCIALISTA OBRERO ESPAÑOL;PSOE;40670;2;56.9;46.28;1.61;1.14;66.67
321;7;16;Cuenca;197222;3;383;154441;154441;87872;1002;1418;108117;PARTIDO POPULAR;PP;33721;1;56.9;38.38;1.61;1.14;33.33
322;7;16;Cuenca;197222;3;383;154441;154441;87872;1002;1418;108117;VOX;VOX;20108;0;56.9;22.88;1.61;1.14;0.0
323;7;16;Cuenca;197222;3;383;154441;154441;87872;1002;1418;108117;UNIDAS PODEMOS;PODEMOS-IU;7529;0;56.9;8.57;1.61;1.14;0.0
324;7;16;Cuenca;197222;3;383;154441;154441;87872;1002;1418;108117;CIUDADANOS-PARTIDO DE LA CIUDADANÍA;Cs;5094;0;56.9;5.8;1.61;1.14;0.0
325;7;16;Cuenca;197222;3;383;154441;154441;87872;1002;1418;108117;PARTIDO ANIMALISTA CONTRA EL MALTRATO ANIMAL;PACMA;545;0;56.9;0.62;1.61;1.14;0.0
326;7;16;Cuenca;197222;3;383;154441;154441;87872;1002;1418;108117;POR UN MUNDO MÁS JUSTO;PUM+J;129;0;56.9;0.15;1.61;1.14;0.0
327;7;16;Cuenca;197222;3;383;154441;154441;87872;1002;1418;108117;RECORTES CERO-GRUPO VERDE-PARTIDO CASTELLANO-TIERRA COMUNERA;RECORTES CERO-GV-PCAS-TC;125;0;56.9;0.14;1.61;1.14;0.0
328;7;16;Cuenca;197222;3;383;154441;154441;87872;1002;1418;108117;PARTIDO COMUNISTA DE LOS PUEBLOS DE ESPAÑA;PCPE;83;0;56.9;0.09;1.61;1.14;0.0
329;7;16;Cuenca;197222;3;383;154441;154441;87872;1002;1418;108117;PARTIDO COMUNISTA DE LOS TRABAJADORES DE ESPAÑA;PCTE;66;0;56.9;0.08;1.61;1.14;0.0
330;7;16;Cuenca;197222;3;383;154441;154441;87872;1002;1418;108117;PARTIDO LIBERTARIO;P-LIB;47;0;56.9;0.05;1.61;1.14;0.0
331;7;19;Guadalajara;254308;3;523;187370;187371;107102;1148;1642;131006;PARTIDO SOCIALISTA OBRERO ESPAÑOL;PSOE;41167;1;57.16;38.44;1.53;1.07;33.33
332;7;19;Guadalajara;254308;3;523;187370;187371;107102;1148;1642;131006;VOX;VOX;31683;1;57.16;29.58;1.53;1.07;33.33
333;7;19;Guadalajara;254308;3;523;187370;187371;107102;1148;1642;131006;PARTIDO POPULAR;PP;30443;1;57.16;28.42;1.53;1.07;33.33
334;7;19;Guadalajara;254308;3;523;187370;187371;107102;1148;1642;131006;UNIDAS PODEMOS;PODEMOS-IU;14897;0;57.16;13.91;1.53;1.07;0.0
335;7;19;Guadalajara;254308;3;523;187370;187371;107102;1148;1642;131006;CIUDADANOS-PARTIDO DE LA CIUDADANÍA;Cs;10169;0;57.16;9.49;1.53;1.07;0.0
336;7;19;Guadalajara;254308;3;523;187370;187371;107102;1148;1642;131006;PARTIDO ANIMALISTA CONTRA EL MALTRATO ANIMAL;PACMA;1266;0;57.16;1.18;1.53;1.07;0.0
337;7;19;Guadalajara;254308;3;523;187370;187371;107102;1148;1642;131006;RECORTES CERO-GRUPO VERDE-PARTIDO CASTELLANO-TIERRA COMUNERA;RECORTES CERO-GV-PCAS-TC;287;0;57.16;0.27;1.53;1.07;0.0
338;7;19;Guadalajara;254308;3;523;187370;187371;107102;1148;1642;131006;POR UN MUNDO MÁS JUSTO;PUM+J;284;0;57.16;0.27;1.53;1.07;0.0
339;7;19;Guadalajara;254308;3;523;187370;187371;107102;1148;1642;131006;PARTIDO DEMÓCRATA SOCIAL JUBILADOS EUROPEOS;PDSJE;234;0;57.16;0.22;1.53;1.07;0.0
340;7;19;Guadalajara;254308;3;523;187370;187371;107102;1148;1642;131006;PARTIDO COMUNISTA OBRERO ESPAÑOL;PCOE;195;0;57.16;0.18;1.53;1.07;0.0
341;7;19;Guadalajara;254308;3;523;187370;187371;107102;1148;1642;131006;FALANGE ESPAÑOLA DE LAS JONS;FE de las J;188;0;57.16;0.18;1.53;1.07;0.0
342;7;19;Guadalajara;254308;3;523;187370;187371;107102;1148;1642;131006;PARTIDO COMUNISTA DE LOS TRABAJADORES DE ESPAÑA;PCTE;106;0;57.16;0.1;1.53;1.07;0.0
343;7;19;Guadalajara;254308;3;523;187370;187371;107102;1148;1642;131006;PARTIDO COMUNISTA DE LOS PUEBLOS DE ESPAÑA;PCPE;87;0;57.16;0.08;1.53;1.07;0.0
344;7;45;Toledo;687391;6;926;525740;525752;302028;2661;5145;360813;PARTIDO SOCIALISTA OBRERO ESPAÑOL;PSOE;116282;2;57.45;38.5;1.7;0.88;33.33
345;7;45;Toledo;687391;6;926;525740;525752;302028;2661;5145;360813;PARTIDO POPULAR;PP;94378;2;57.45;31.25;1.7;0.88;33.33
346;7;45;Toledo;687391;6;926;525740;525752;302028;2661;5145;360813;VOX;VOX;86049;2;57.45;28.49;1.7;0.88;33.33
347;7;45;Toledo;687391;6;926;525740;525752;302028;2661;5145;360813;UNIDAS PODEMOS;PODEMOS-IU;34837;0;57.45;11.53;1.7;0.88;0.0
348;7;45;Toledo;687391;6;926;525740;525752;302028;2661;5145;360813;CIUDADANOS-PARTIDO DE LA CIUDADANÍA;Cs;24871;0;57.45;8.23;1.7;0.88;0.0
349;7;45;Toledo;687391;6;926;525740;525752;302028;2661;5145;360813;PARTIDO ANIMALISTA CONTRA EL MALTRATO ANIMAL;PACMA;2680;0;57.45;0.89;1.7;0.88;0.0
350;7;45;Toledo;687391;6;926;525740;525752;302028;2661;5145;360813;POR UN MUNDO MÁS JUSTO;PUM+J;661;0;57.45;0.22;1.7;0.88;0.0
351;7;45;Toledo;687391;6;926;525740;525752;302028;2661;5145;360813;RECORTES CERO-GRUPO VERDE-PARTIDO CASTELLANO-TIERRA COMUNERA;RECORTES CERO-GV-PCAS-TC;556;0;57.45;0.18;1.7;0.88;0.0
352;7;45;Toledo;687391;6;926;525740;525752;302028;2661;5145;360813;PARTIDO COMUNISTA DE LOS PUEBLOS DE ESPAÑA;PCPE;282;0;57.45;0.09;1.7;0.88;0.0
353;7;45;Toledo;687391;6;926;525740;525752;302028;2661;5145;360813;PARTIDO COMUNISTA DE LOS TRABAJADORES DE ESPAÑA;PCTE;217;0;57.45;0.07;1.7;0.88;0.0
368;8;5;Ávila;158498;3;357;136717;136717;76378;755;1297;92741;PARTIDO POPULAR;PP;32527;1;55.87;42.59;1.7;0.99;33.33
369;8;5;Ávila;158498;3;357;136717;136717;76378;755;1297;92741;PARTIDO SOCIALISTA OBRERO ESPAÑOL;PSOE;24474;1;55.87;32.04;1.7;0.99;33.33
370;8;5;Ávila;158498;3;357;136717;136717;76378;755;1297;92741;VOX;VOX;17313;1;55.87;22.67;1.7;0.99;33.33
371;8;5;Ávila;158498;3;357;136717;136717;76378;755;1297;92741;CIUDADANOS-PARTIDO DE LA CIUDADANÍA;Cs;6119;0;55.87;8.01;1.7;0.99;0.0
372;8;5;Ávila;158498;3;357;136717;136717;76378;755;1297;92741;UNIDAS PODEMOS;PODEMOS-IU;6059;0;55.87;7.93;1.7;0.99;0.0
373;8;5;Ávila;158498;3;357;136717;136717;76378;755;1297;92741;POR ÁVILA;XAV;5416;0;55.87;7.09;1.7;0.99;0.0
374;8;5;Ávila;158498;3;357;136717;136717;76378;755;1297;92741;PARTIDO ANIMALISTA CONTRA EL MALTRATO ANIMAL;PACMA;432;0;55.87;0.57;1.7;0.99;0.0
375;8;5;Ávila;158498;3;357;136717;136717;76378;755;1297;92741;RECORTES CERO-GRUPO VERDE-PARTIDO CASTELLANO-TIERRA COMUNERA;RECORTES CERO-GV-PCAS-TC;105;0;55.87;0.14;1.7;0.99;0.0
376;8;5;Ávila;158498;3;357;136717;136717;76378;755;1297;92741;POR UN MUNDO MÁS JUSTO;PUM+J;102;0;55.87;0.13;1.7;0.99;0.0
377;8;5;Ávila;158498;3;357;136717;136717;76378;755;1297;92741;PARTIDO COMUNISTA DE LOS TRABAJADORES DE ESPAÑA;PCTE;101;0;55.87;0.13;1.7;0.99;0.0
378;8;5;Ávila;158498;3;357;136717;136717;76378;755;1297;92741;FALANGE ESPAÑOLA DE LAS JONS;FE de las J;61;0;55.87;0.08;1.7;0.99;0.0
379;8;5;Ávila;158498;3;357;136717;136717;76378;755;1297;92741;PARTIDO LIBERTARIO;P-LIB;32;0;55.87;0.04;1.7;0.99;0.0
380;8;9;Burgos;357070;4;733;298989;298989;158782;2626;2693;196345;PARTIDO SOCIALISTA OBRERO ESPAÑOL;PSOE;64182;2;53.11;40.42;1.7;1.65;50.0
381;8;9;Burgos;357070;4;733;298989;298989;158782;2626;2693;196345;PARTIDO POPULAR;PP;61228;2;53.11;38.56;1.7;1.65;50.0
382;8;9;Burgos;357070;4;733;298989;298989;158782;2626;2693;196345;VOX;VOX;29579;0;53.11;18.63;1.7;1.65;0.0
383;8;9;Burgos;357070;4;733;298989;298989;158782;2626;2693;196345;UNIDAS PODEMOS;PODEMOS-IU;22058;0;53.11;13.89;1.7;1.65;0.0
384;8;9;Burgos;357070;4;733;298989;298989;158782;2626;2693;196345;CIUDADANOS-PARTIDO DE LA CIUDADANÍA;Cs;16214;0;53.11;10.21;1.7;1.65;0.0
385;8;9;Burgos;357070;4;733;298989;298989;158782;2626;2693;196345;PARTIDO ANIMALISTA CONTRA EL MALTRATO ANIMAL;PACMA;1415;0;53.11;0.89;1.7;1.65;0.0
386;8;9;Burgos;357070;4;733;298989;298989;158782;2626;2693;196345;RECORTES CERO-GRUPO VERDE-PARTIDO CASTELLANO-TIERRA COMUNERA;RECORTES CERO-GV-PCAS-TC;645;0;53.11;0.41;1.7;1.65;0.0
387;8;9;Burgos;357070;4;733;298989;298989;158782;2626;2693;196345;POR UN MUNDO MÁS JUSTO;PUM+J;620;0;53.11;0.39;1.7;1.65;0.0
388;8;9;Burgos;357070;4;733;298989;298989;158782;2626;2693;196345;PARTIDO COMUNISTA DE LOS TRABAJADORES DE ESPAÑA;PCTE;404;0;53.11;0.25;1.7;1.65;0.0
389;8;24;León;463746;4;729;432071;432073;206435;2710;3032;259969;PARTIDO SOCIALISTA OBRERO ESPAÑOL;PSOE;87896;2;47.78;42.58;1.47;1.31;50.0
390;8;24;León;463746;4;729;432071;432073;206435;2710;3032;259969;PARTIDO POPULAR;PP;74672;1;47.78;36.17;1.47;1.31;25.0
391;8;24;León;463746;4;729;432071;432073;206435;2710;3032;259969;VOX;VOX;40884;1;47.78;19.8;1.47;1.31;25.0
392;8;24;León;463746;4;729;432071;432073;206435;2710;3032;259969;UNIDAS PODEMOS;PODEMOS-IU;27478;0;47.78;13.31;1.47;1.31;0.0
393;8;24;León;463746;4;729;432071;432073;206435;2710;3032;259969;CIUDADANOS-PARTIDO DE LA CIUDADANÍA;Cs;16731;0;47.78;8.1;1.47;1.31;0.0
394;8;24;León;463746;4;729;432071;432073;206435;2710;3032;259969;UNIÓN DEL PUEBLO LEONÉS;UPL;9588;0;47.78;4.64;1.47;1.31;0.0
395;8;24;León;463746;4;729;432071;432073;206435;2710;3032;259969;PARTIDO ANIMALISTA CONTRA EL MALTRATO ANIMAL;PACMA;1505;0;47.78;0.73;1.47;1.31;0.0
396;8;24;León;463746;4;729;432071;432073;206435;2710;3032;259969;PARTIDO COMUNISTA DE LOS TRABAJADORES DE ESPAÑA;PCTE;379;0;47.78;0.18;1.47;1.31;0.0
397;8;24;León;463746;4;729;432071;432073;206435;2710;3032;259969;PARTIDO REGIONALISTA DEL PAÍS LEONÉS;PREPAL;341;0;47.78;0.17;1.47;1.31;0.0
398;8;24;León;463746;4;729;432071;432073;206435;2710;3032;259969;POR UN MUNDO MÁS JUSTO;PUM+J;317;0;47.78;0.15;1.47;1.31;0.0
399;8;24;León;463746;4;729;432071;432073;206435;2710;3032;259969;RECORTES CERO-GRUPO VERDE-PARTIDO CASTELLANO-TIERRA COMUNERA;RECORTES CERO-GV-PCAS-TC;178;0;47.78;0.09;1.47;1.31;0.0
400;8;34;Palencia;162035;3;324;141319;141321;75737;1015;1250;94773;PARTIDO POPULAR;PP;34195;2;53.59;45.15;1.65;1.34;66.67
401;8;34;Palencia;162035;3;324;141319;141321;75737;1015;1250;94773;PARTIDO SOCIALISTA OBRERO ESPAÑOL;PSOE;31847;1;53.59;42.05;1.65;1.34;33.33
402;8;34;Palencia;162035;3;324;141319;141321;75737;1015;1250;94773;VOX;VOX;13816;0;53.59;18.24;1.65;1.34;0.0
403;8;34;Palencia;162035;3;324;141319;141321;75737;1015;1250;94773;UNIDAS PODEMOS;PODEMOS-IU;7746;0;53.59;10.23;1.65;1.34;0.0
404;8;34;Palencia;162035;3;324;141319;141321;75737;1015;1250;94773;CIUDADANOS-PARTIDO DE LA CIUDADANÍA;Cs;5937;0;53.59;7.84;1.65;1.34;0.0
405;8;34;Palencia;162035;3;324;141319;141321;75737;1015;1250;94773;PARTIDO ANIMALISTA CONTRA EL MALTRATO ANIMAL;PACMA;582;0;53.59;0.77;1.65;1.34;0.0
406;8;34;Palencia;162035;3;324;141319;141321;75737;1015;1250;94773;RECORTES CERO-GRUPO VERDE-PARTIDO CASTELLANO-TIERRA COMUNERA;RECORTES CERO-GV-PCAS-TC;256;0;53.59;0.34;1.65;1.34;0.0
407;8;34;Palencia;162035;3;324;141319;141321;75737;1015;1250;94773;POR UN MUNDO MÁS JUSTO;PUM+J;209;0;53.59;0.28;1.65;1.34;0.0
408;8;34;Palencia;162035;3;324;141319;141321;75737;1015;1250;94773;PARTIDO COMUNISTA DE LOS TRABAJADORES DE ESPAÑA;PCTE;106;0;53.59;0.14;1.65;1.34;0.0
409;8;34;Palencia;162035;3;324;141319;141321;75737;1015;1250;94773;FALANGE ESPAÑOLA DE LAS JONS;FE de las J;79;0;53.59;0.1;1.65;1.34;0.0
410;8;37;Salamanca;331473;4;684;305536;305536;155969;1982;2503;193188;PARTIDO POPULAR;PP;67715;2;51.05;43.42;1.6;1.27;50.0
411;8;37;Salamanca;331473;4;684;305536;305536;155969;1982;2503;193188;PARTIDO SOCIALISTA OBRERO ESPAÑOL;PSOE;57481;1;51.05;36.85;1.6;1.27;25.0
412;8;37;Salamanca;331473;4;684;305536;305536;155969;1982;2503;193188;VOX;VOX;34929;1;51.05;22.39;1.6;1.27;25.0
413;8;37;Salamanca;331473;4;684;305536;305536;155969;1982;2503;193188;CIUDADANOS-PARTIDO DE LA CIUDADANÍA;Cs;16886;0;51.05;10.83;1.6;1.27;0.0
414;8;37;Salamanca;331473;4;684;305536;305536;155969;1982;2503;193188;UNIDAS PODEMOS;PODEMOS-IU;13608;0;51.05;8.72;1.6;1.27;0.0
415;8;37;Salamanca;331473;4;684;305536;305536;155969;1982;2503;193188;PARTIDO ANIMALISTA CONTRA EL MALTRATO ANIMAL;PACMA;964;0;51.05;0.62;1.6;1.27;0.0
416;8;37;Salamanca;331473;4;684;305536;305536;155969;1982;2503;193188;PARTIDO REGIONALISTA DEL PAÍS LEONÉS;PREPAL;322;0;51.05;0.21;1.6;1.27;0.0
417;8;37;Salamanca;331473;4;684;305536;305536;155969;1982;2503;193188;RECORTES CERO-GRUPO VERDE-PARTIDO CASTELLANO-TIERRA COMUNERA;RECORTES CERO-GV-PCAS-TC;306;0;51.05;0.2;1.6;1.27;0.0
418;8;37;Salamanca;331473;4;684;305536;305536;155969;1982;2503;193188;UNIÓN DEL PUEBLO LEONÉS;UPL;286;0;51.05;0.18;1.6;1.27;0.0
419;8;37;Salamanca;331473;4;684;305536;305536;155969;1982;2503;193188;POR UN MUNDO MÁS JUSTO;PUM+J;266;0;51.05;0.17;1.6;1.27;0.0
420;8;37;Salamanca;331473;4;684;305536;305536;155969;1982;2503;193188;CONTIGO SOMOS DEMOCRACIA;CONTIGO;229;0;51.05;0.15;1.6;1.27;0.0
421;8;37;Salamanca;331473;4;684;305536;305536;155969;1982;2503;193188;PARTIDO COMUNISTA DE LOS TRABAJADORES DE ESPAÑA;PCTE;196;0;51.05;0.13;1.6;1.27;0.0
422;8;40;Segovia;153342;3;319;119491;119492;69946;1005;1412;84034;PARTIDO POPULAR;PP;28057;1;58.54;40.11;2.02;1.44;33.33
423;8;40;Segovia;153342;3;319;119491;119492;69946;1005;1412;84034;PARTIDO SOCIALISTA OBRERO ESPAÑOL;PSOE;25233;1;58.54;36.07;2.02;1.44;33.33
424;8;40;Segovia;153342;3;319;119491;119492;69946;1005;1412;84034;VOX;VOX;14569;1;58.54;20.83;2.02;1.44;33.33
425;8;40;Segovia;153342;3;319;119491;119492;69946;1005;1412;84034;UNIDAS PODEMOS;PODEMOS-IU;7901;0;58.54;11.3;2.02;1.44;0.0
426;8;40;Segovia;153342;3;319;119491;119492;69946;1005;1412;84034;CIUDADANOS-PARTIDO DE LA CIUDADANÍA;Cs;6861;0;58.54;9.81;2.02;1.44;0.0
427;8;40;Segovia;153342;3;319;119491;119492;69946;1005;1412;84034;PARTIDO ANIMALISTA CONTRA EL MALTRATO ANIMAL;PACMA;462;0;58.54;0.66;2.02;1.44;0.0
428;8;40;Segovia;153342;3;319;119491;119492;69946;1005;1412;84034;CENTRADOS;centrados;234;0;58.54;0.33;2.02;1.44;0.0
429;8;40;Segovia;153342;3;319;119491;119492;69946;1005;1412;84034;RECORTES CERO-GRUPO VERDE-PARTIDO CASTELLANO-TIERRA COMUNERA;RECORTES CERO-GV-PCAS-TC;191;0;58.54;0.27;2.02;1.44;0.0
430;8;40;Segovia;153342;3;319;119491;119492;69946;1005;1412;84034;PARTIDO COMUNISTA OBRERO ESPAÑOL;PCOE;173;0;58.54;0.25;2.02;1.44;0.0
431;8;40;Segovia;153342;3;319;119491;119492;69946;1005;1412;84034;POR UN MUNDO MÁS JUSTO;PUM+J;133;0;58.54;0.19;2.02;1.44;0.0
432;8;40;Segovia;153342;3;319;119491;119492;69946;1005;1412;84034;PARTIDO DEMÓCRATA SOCIAL JUBILADOS EUROPEOS;PDSJE;115;0;58.54;0.16;2.02;1.44;0.0
433;8;40;Segovia;153342;3;319;119491;119492;69946;1005;1412;84034;PARTIDO COMUNISTA DE LOS TRABAJADORES DE ESPAÑA;PCTE;67;0;58.54;0.1;2.02;1.44;0.0
434;8;40;Segovia;153342;3;319;119491;119492;69946;1005;1412;84034;PARTIDO LIBERTARIO;P-LIB;38;0;58.54;0.05;2.02;1.44;0.0
435;8;42;Soria;88600;2;255;76820;76827;36450;721;838;45689;PARTIDO SOCIALISTA OBRERO ESPAÑOL;PSOE;16043;1;47.45;44.01;2.3;1.98;50.0
436;8;42;Soria;88600;2;255;76820;76827;36450;721;838;45689;PARTIDO POPULAR;PP;15247;1;47.45;41.83;2.3;1.98;50.0
437;8;42;Soria;88600;2;255;76820;76827;36450;721;838;45689;VOX;VOX;6264;0;47.45;17.19;2.3;1.98;0.0
438;8;42;Soria;88600;2;255;76820;76827;36450;721;838;45689;UNIDAS PODEMOS;PODEMOS-IU;3517;0;47.45;9.65;2.3;1.98;0.0
439;8;42;Soria;88600;2;255;76820;76827;36450;721;838;45689;CIUDADANOS-PARTIDO DE LA CIUDADANÍA;Cs;2670;0;47.45;7.33;2.3;1.98;0.0
440;8;42;Soria;88600;2;255;76820;76827;36450;721;838;45689;PLATAFORMA DEL PUEBLO SORIANO;PPSO;1466;0;47.45;4.02;2.3;1.98;0.0
441;8;42;Soria;88600;2;255;76820;76827;36450;721;838;45689;PARTIDO ANIMALISTA CONTRA EL MALTRATO ANIMAL;PACMA;205;0;47.45;0.56;2.3;1.98;0.0
442;8;42;Soria;88600;2;255;76820;76827;36450;721;838;45689;RECORTES CERO-GRUPO VERDE-PARTIDO CASTELLANO-TIERRA COMUNERA;RECORTES CERO-GV-PCAS-TC;95;0;47.45;0.26;2.3;1.98;0.0
443;8;42;Soria;88600;2;255;76820;76827;36450;721;838;45689;POR UN MUNDO MÁS JUSTO;PUM+J;95;0;47.45;0.26;2.3;1.98;0.0
444;8;42;Soria;88600;2;255;76820;76827;36450;721;838;45689;PARTIDO COMUNISTA DE LOS TRABAJADORES DE ESPAÑA;PCTE;87;0;47.45;0.24;2.3;1.98;0.0
445;8;47;Valladolid;519851;5;769;432655;432655;250527;3147;3333;308307;PARTIDO SOCIALISTA OBRERO ESPAÑOL;PSOE;94384;2;57.9;37.67;1.33;1.26;40.0
446;8;47;Valladolid;519851;5;769;432655;432655;250527;3147;3333;308307;PARTIDO POPULAR;PP;91857;2;57.9;36.67;1.33;1.26;40.0
447;8;47;Valladolid;519851;5;769;432655;432655;250527;3147;3333;308307;VOX;VOX;56353;1;57.9;22.49;1.33;1.26;20.0
448;8;47;Valladolid;519851;5;769;432655;432655;250527;3147;3333;308307;UNIDAS PODEMOS;PODEMOS-IU;34313;0;57.9;13.7;1.33;1.26;0.0
449;8;47;Valladolid;519851;5;769;432655;432655;250527;3147;3333;308307;CIUDADANOS-PARTIDO DE LA CIUDADANÍA;Cs;26947;0;57.9;10.76;1.33;1.26;0.0
450;8;47;Valladolid;519851;5;769;432655;432655;250527;3147;3333;308307;PARTIDO ANIMALISTA CONTRA EL MALTRATO ANIMAL;PACMA;2088;0;57.9;0.83;1.33;1.26;0.0
451;8;47;Valladolid;519851;5;769;432655;432655;250527;3147;3333;308307;RECORTES CERO-GRUPO VERDE-PARTIDO CASTELLANO-TIERRA COMUNERA;RECORTES CERO-GV-PCAS-TC;594;0;57.9;0.24;1.33;1.26;0.0
452;8;47;Valladolid;519851;5;769;432655;432655;250527;3147;3333;308307;POR UN MUNDO MÁS JUSTO;PUM+J;586;0;57.9;0.23;1.33;1.26;0.0
453;8;47;Valladolid;519851;5;769;432655;432655;250527;3147;3333;308307;UNIÓN REGIONALISTA DE CASTILLA Y LEÓN;UNIÓN REGIO;530;0;57.9;0.21;1.33;1.26;0.0
454;8;47;Valladolid;519851;5;769;432655;432655;250527;3147;3333;308307;PARTIDO COMUNISTA DE LOS TRABAJADORES DE ESPAÑA;PCTE;281;0;57.9;0.11;1.33;1.26;0.0
455;8;47;Valladolid;519851;5;769;432655;432655;250527;3147;3333;308307;PARTIDO COMUNISTA DE LOS PUEBLOS DE ESPAÑA;PCPE;223;0;57.9;0.09;1.33;1.26;0.0
456;8;47;Valladolid;519851;5;769;432655;432655;250527;3147;3333;308307;FALANGE ESPAÑOLA DE LAS JONS;FE de las J;151;0;57.9;0.06;1.33;1.26;0.0
457;8;49;Zamora;174549;3;371;168267;168268;78918;1206;1543;98585;PARTIDO POPULAR;PP;33495;1;46.9;42.44;1.96;1.53;33.33
458;8;49;Zamora;174549;3;371;168267;168268;78918;1206;1543;98585;PARTIDO SOCIALISTA OBRERO ESPAÑOL;PSOE;32747;1;46.9;41.49;1.96;1.53;33.33
459;8;49;Zamora;174549;3;371;168267;168268;78918;1206;1543;98585;VOX;VOX;17036;1;46.9;21.59;1.96;1.53;33.33
460;8;49;Zamora;174549;3;371;168267;168268;78918;1206;1543;98585;UNIDAS PODEMOS;PODEMOS-IU;7001;0;46.9;8.87;1.96;1.53;0.0
461;8;49;Zamora;174549;3;371;168267;168268;78918;1206;1543;98585;CIUDADANOS-PARTIDO DE LA CIUDADANÍA;Cs;6835;0;46.9;8.66;1.96;1.53;0.0
462;8;49;Zamora;174549;3;371;168267;168268;78918;1206;1543;98585;PARTIDO ANIMALISTA CONTRA EL MALTRATO ANIMAL;PACMA;432;0;46.9;0.55;1.96;1.53;0.0
463;8;49;Zamora;174549;3;371;168267;168268;78918;1206;1543;98585;UNIÓN DEL PUEBLO LEONÉS;UPL;369;0;46.9;0.47;1.96;1.53;0.0
464;8;49;Zamora;174549;3;371;168267;168268;78918;1206;1543;98585;PARTIDO REGIONALISTA DEL PAÍS LEONÉS;PREPAL;278;0;46.9;0.35;1.96;1.53;0.0
465;8;49;Zamora;174549;3;371;168267;168268;78918;1206;1543;98585;POR UN MUNDO MÁS JUSTO;PUM+J;143;0;46.9;0.18;1.96;1.53;0.0
466;8;49;Zamora;174549;3;371;168267;168268;78918;1206;1543;98585;RECORTES CERO-GRUPO VERDE-PARTIDO CASTELLANO-TIERRA COMUNERA;RECORTES CERO-GV-PCAS-TC;129;0;46.9;0.16;1.96;1.53;0.0
467;8;49;Zamora;174549;3;371;168267;168268;78918;1206;1543;98585;PARTIDO COMUNISTA DE LOS TRABAJADORES DE ESPAÑA;PCTE;120;0;46.9;0.15;1.96;1.53;0.0
489;9;8;Barcelona;5609350;32;5985;4201141;4201151;2426274;20457;14599;2907298;PARTIT DELS SOCIALISTES DE CATALUNYA;PSC-PSOE;638319;8;57.75;26.31;0.6;0.84;25.0
490;9;8;Barcelona;5609350;32;5985;4201141;4201151;2426274;20457;14599;2907298;ESQUERRA REPUBLICANA DE CATALUNYA-SOBIRANISTES;ERC-SOBIRANISTES;618909;7;57.75;25.51;0.6;0.84;21.88
491;9;8;Barcelona;5609350;32;5985;4201141;4201151;2426274;20457;14599;2907298;EN COMÚ PODEM-GUANYEM EL CANVI;ECP-GUANYEM;452482;5;57.75;18.65;0.6;0.84;15.62
492;9;8;Barcelona;5609350;32;5985;4201141;4201151;2426274;20457;14599;2907298;JUNTS PER CATALUNYA-JUNTS;JxCAT-JUNTS;343931;4;57.75;14.18;0.6;0.84;12.5
493;9;8;Barcelona;5609350;32;5985;4201141;4201151;2426274;20457;14599;2907298;PARTIT POPULAR/PARTIDO POPULAR;PP;225645;2;57.75;9.3;0.6;0.84;6.25
494;9;8;Barcelona;5609350;32;5985;4201141;4201151;2426274;20457;14599;2907298;VOX;VOX;184715;2;57.75;7.61;0.6;0.84;6.25
495;9;8;Barcelona;5609350;32;5985;4201141;4201151;2426274;20457;14599;2907298;CANDIDATURA D'UNITAT POPULAR-PER LA RUPTURA;CUP-PR;179041;2;57.75;7.38;0.6;0.84;6.25
496;9;8;Barcelona;5609350;32;5985;4201141;4201151;2426274;20457;14599;2907298;CIUTADANS-PARTIDO DE LA CIUDADANÍA;Cs;174124;2;57.75;7.18;0.6;0.84;6.25
497;9;8;Barcelona;5609350;32;5985;4201141;4201151;2426274;20457;14599;2907298;MÁS PAÍS;MÁS PAÍS;41826;0;57.75;1.72;0.6;0.84;0.0
498;9;8;Barcelona;5609350;32;5985;4201141;4201151;2426274;20457;14599;2907298;PARTIT ANIMALISTA CONTRA EL MALTRACTAMENT ANIMAL;PACMA;34752;0;57.75;1.43;0.6;0.84;0.0
499;9;8;Barcelona;5609350;32;5985;4201141;4201151;2426274;20457;14599;2907298;RECORTES CERO-GRUPO VERDE;RECORTES CERO-GV;4698;0;57.75;0.19;0.6;0.84;0.0
500;9;8;Barcelona;5609350;32;5985;4201141;4201151;2426274;20457;14599;2907298;INICIATIVA FEMINISTA;I.Fem;3005;0;57.75;0.12;0.6;0.84;0.0
501;9;8;Barcelona;5609350;32;5985;4201141;4201151;2426274;20457;14599;2907298;PARTIT COMUNISTA DELS TREBALLADORS DE CATALUNYA;PCTC;1587;0;57.75;0.07;0.6;0.84;0.0
502;9;8;Barcelona;5609350;32;5985;4201141;4201151;2426274;20457;14599;2907298;PER UN MÓN MÉS JUST;PUM+J;1577;0;57.75;0.06;0.6;0.84;0.0
503;9;8;Barcelona;5609350;32;5985;4201141;4201151;2426274;20457;14599;2907298;PARTIT COMUNISTA DEL POBLE DE CATALUNYA;PCPC;1509;0;57.75;0.06;0.6;0.84;0.0
504;9;8;Barcelona;5609350;32;5985;4201141;4201151;2426274;20457;14599;2907298;IZQUIERDA EN POSITIVO;IZQP;1178;0;57.75;0.05;0.6;0.84;0.0
505;9;17;Girona;761947;6;834;524978;524978;299815;2307;2099;353395;ESQUERRA REPUBLICANA DE CATALUNYA-SOBIRANISTES;ERC-SOBIRANISTES;91932;2;57.11;30.66;0.7;0.77;33.33
506;9;17;Girona;761947;6;834;524978;524978;299815;2307;2099;353395;JUNTS PER CATALUNYA-JUNTS;JxCAT-JUNTS;88060;2;57.11;29.37;0.7;0.77;33.33
507;9;17;Girona;761947;6;834;524978;524978;299815;2307;2099;353395;PARTIT DELS SOCIALISTES DE CATALUNYA;PSC-PSOE;52723;1;57.11;17.59;0.7;0.77;16.67
508;9;17;Girona;761947;6;834;524978;524978;299815;2307;2099;353395;EN COMÚ PODEM-GUANYEM EL CANVI;ECP-GUANYEM;33710;1;57.11;11.24;0.7;0.77;16.67
509;9;17;Girona;761947;6;834;524978;524978;299815;2307;2099;353395;CANDIDATURA D'UNITAT POPULAR-PER LA RUPTURA;CUP-PR;31703;0;57.11;10.57;0.7;0.77;0.0
510;9;17;Girona;761947;6;834;524978;524978;299815;2307;2099;353395;VOX;VOX;18489;0;57.11;6.17;0.7;0.77;0.0
511;9;17;Girona;761947;6;834;524978;524978;299815;2307;2099;353395;PARTIDO POPULAR / PARTIT POPULAR;PP;17449;0;57.11;5.82;0.7;0.77;0.0
512;9;17;Girona;761947;6;834;524978;524978;299815;2307;2099;353395;CIUTADANS-PARTIDO DE LA CIUDADANÍA;Cs;13869;0;57.11;4.63;0.7;0.77;0.0
513;9;17;Girona;761947;6;834;524978;524978;299815;2307;2099;353395;PARTIDO ANIMALISTA CONTRA EL MALTRATO ANIMAL;PACMA;3724;0;57.11;1.24;0.7;0.77;0.0
514;9;17;Girona;761947;6;834;524978;524978;299815;2307;2099;353395;RECORTES CERO-GRUPO VERDE;RECORTES CERO-GV;508;0;57.11;0.17;0.7;0.77;0.0
515;9;17;Girona;761947;6;834;524978;524978;299815;2307;2099;353395;PER UN MÓN MÉS JUST;PUM+J;339;0;57.11;0.11;0.7;0.77;0.0
516;9;17;Girona;761947;6;834;524978;524978;299815;2307;2099;353395;PARTIT COMUNISTA DEL POBLE DE CATALUNYA;PCPC;327;0;57.11;0.11;0.7;0.77;0.0
517;9;17;Girona;761947;6;834;524978;524978;299815;2307;2099;353395;PARTIT COMUNISTA DELS TREBALLADORS DE CATALUNYA;PCTC;316;0;57.11;0.11;0.7;0.77;0.0
518;9;17;Girona;761947;6;834;524978;524978;299815;2307;2099;353395;IZQUIERDA EN POSITIVO;IZQP;246;0;57.11;0.08;0.7;0.77;0.0
519;9;25;Lleida;432866;4;535;314421;314425;168193;1540;1375;205816;ESQUERRA REPUBLICANA DE CATALUNYA-SOBIRANISTES;ERC-SOBIRANISTES;65236;2;53.49;38.79;0.82;0.92;50.0
520;9;25;Lleida;432866;4;535;314421;314425;168193;1540;1375;205816;JUNTS PER CATALUNYA-JUNTS;JxCAT-JUNTS;46773;1;53.49;27.81;0.82;0.92;25.0
521;9;25;Lleida;432866;4;535;314421;314425;168193;1540;1375;205816;PARTIT DELS SOCIALISTES DE CATALUNYA;PSC-PSOE;29983;1;53.49;17.83;0.82;0.92;25.0
522;9;25;Lleida;432866;4;535;314421;314425;168193;1540;1375;205816;EN COMÚ PODEM-GUANYEM EL CANVI;ECP-GUANYEM;16337;0;53.49;9.71;0.82;0.92;0.0
523;9;25;Lleida;432866;4;535;314421;314425;168193;1540;1375;205816;PARTIT POPULAR/PARTIDO POPULAR;PP;14697;0;53.49;8.74;0.82;0.92;0.0
524;9;25;Lleida;432866;4;535;314421;314425;168193;1540;1375;205816;CANDIDATURA D'UNITAT POPULAR-PER LA RUPTURA;CUP-PR;14098;0;53.49;8.38;0.82;0.92;0.0
525;9;25;Lleida;432866;4;535;314421;314425;168193;1540;1375;205816;VOX;VOX;9312;0;53.49;5.54;0.82;0.92;0.0
526;9;25;Lleida;432866;4;535;314421;314425;168193;1540;1375;205816;CIUTADANS-PARTIDO DE LA CIUDADANÍA;Cs;7128;0;53.49;4.24;0.82;0.92;0.0
527;9;25;Lleida;432866;4;535;314421;314425;168193;1540;1375;205816;PARTIDO ANIMALISTA CONTRA EL MALTRATO ANIMAL;PACMA;1521;0;53.49;0.9;0.82;0.92;0.0
528;9;25;Lleida;432866;4;535;314421;314425;168193;1540;1375;205816;RECORTES CERO-GRUPO VERDE;RECORTES CERO-GV;183;0;53.49;0.11;0.82;0.92;0.0
529;9;25;Lleida;432866;4;535;314421;314425;168193;1540;1375;205816;PER UN MÓN MÉS JUST;PUM+J;169;0;53.49;0.1;0.82;0.92;0.0
530;9;25;Lleida;432866;4;535;314421;314425;168193;1540;1375;205816;PARTIT COMUNISTA DEL POBLE DE CATALUNYA;PCPC;129;0;53.49;0.08;0.82;0.92;0.0
531;9;25;Lleida;432866;4;535;314421;314425;168193;1540;1375;205816;PARTIT COMUNISTA DELS TREBALLADORS DE CATALUNYA;PCTC;126;0;53.49;0.07;0.82;0.92;0.0
532;9;25;Lleida;432866;4;535;314421;314425;168193;1540;1375;205816;IZQUIERDA EN POSITIVO;IZQP;124;0;53.49;0.07;0.82;0.92;0.0
533;9;43;Tarragona;795902;6;1011;574861;574866;321350;2715;2669;382704;ESQUERRA REPUBLICANA DE CATALUNYA-SOBIRANISTES;ERC-SOBIRANISTES;98782;2;55.9;30.74;0.83;0.84;33.33
534;9;43;Tarragona;795902;6;1011;574861;574866;321350;2715;2669;382704;PARTIT DELS SOCIALISTES DE CATALUNYA;PSC-PSOE;73641;2;55.9;22.92;0.83;0.84;33.33
535;9;43;Tarragona;795902;6;1011;574861;574866;321350;2715;2669;382704;JUNTS PER CATALUNYA-JUNTS;JxCAT-JUNTS;51461;1;55.9;16.01;0.83;0.84;16.67
536;9;43;Tarragona;795902;6;1011;574861;574866;321350;2715;2669;382704;EN COMÚ PODEM-GUANYEM EL CANVI;ECP-GUANYEM;46644;1;55.9;14.52;0.83;0.84;16.67
537;9;43;Tarragona;795902;6;1011;574861;574866;321350;2715;2669;382704;VOX;VOX;31124;0;55.9;9.69;0.83;0.84;0.0
538;9;43;Tarragona;795902;6;1011;574861;574866;321350;2715;2669;382704;PARTIDO POPULAR;PP;29923;0;55.9;9.31;0.83;0.84;0.0
539;9;43;Tarragona;795902;6;1011;574861;574866;321350;2715;2669;382704;CIUTADANS-PARTIDO DE LA CIUDADANÍA;Cs;22814;0;55.9;7.1;0.83;0.84;0.0
540;9;43;Tarragona;795902;6;1011;574861;574866;321350;2715;2669;382704;CANDIDATURA D'UNITAT POPULAR-PER LA RUPTURA;CUP-PR;22129;0;55.9;6.89;0.83;0.84;0.0
541;9;43;Tarragona;795902;6;1011;574861;574866;321350;2715;2669;382704;PARTIDO ANIMALISTA CONTRA EL MALTRATO ANIMAL;PACMA;4588;0;55.9;1.43;0.83;0.84;0.0
542;9;43;Tarragona;795902;6;1011;574861;574866;321350;2715;2669;382704;RECORTES CERO-GRUPO VERDE;RECORTES CERO-GV;533;0;55.9;0.17;0.83;0.84;0.0
543;9;43;Tarragona;795902;6;1011;574861;574866;321350;2715;2669;382704;PER UN MÓN MÉS JUST;PUM+J;351;0;55.9;0.11;0.83;0.84;0.0
544;9;43;Tarragona;795902;6;1011;574861;574866;321350;2715;2669;382704;IZQUIERDA EN POSITIVO;IZQP;343;0;55.9;0.11;0.83;0.84;0.0
545;9;43;Tarragona;795902;6;1011;574861;574866;321350;2715;2669;382704;PARTIT COMUNISTA DELS TREBALLADORS DE CATALUNYA;PCTC;191;0;55.9;0.06;0.83;0.84;0.0
546;9;43;Tarragona;795902;6;1011;574861;574866;321350;2715;2669;382704;PARTIT COMUNISTA DEL POBLE DE CATALUNYA;PCPC;180;0;55.9;0.06;0.83;0.84;0.0
563;10;6;Badajoz;676376;6;898;554983;554994;293957;3599;6781;366560;PARTIDO SOCIALISTA OBRERO ESPAÑOL;PSOE;142312;3;52.97;48.41;2.31;1.22;50.0
564;10;6;Badajoz;676376;6;898;554983;554994;293957;3599;6781;366560;PARTIDO POPULAR;PP;92742;2;52.97;31.55;2.31;1.22;33.33
565;10;6;Badajoz;676376;6;898;554983;554994;293957;3599;6781;366560;VOX;VOX;64016;1;52.97;21.78;2.31;1.22;16.67
566;10;6;Badajoz;676376;6;898;554983;554994;293957;3599;6781;366560;UNIDAS PODEMOS;PODEMOS-IU;33971;0;52.97;11.56;2.31;1.22;0.0
567;10;6;Badajoz;676376;6;898;554983;554994;293957;3599;6781;366560;CIUDADANOS-PARTIDO DE LA CIUDADANÍA;Cs;29520;0;52.97;10.04;2.31;1.22;0.0
568;10;6;Badajoz;676376;6;898;554983;554994;293957;3599;6781;366560;PARTIDO ANIMALISTA CONTRA EL MALTRATO ANIMAL;PACMA;2400;0;52.97;0.82;2.31;1.22;0.0
569;10;6;Badajoz;676376;6;898;554983;554994;293957;3599;6781;366560;POR UN MUNDO MÁS JUSTO;PUM+J;925;0;52.97;0.31;2.31;1.22;0.0
570;10;6;Badajoz;676376;6;898;554983;554994;293957;3599;6781;366560;RECORTES CERO-GRUPO VERDE;RECORTES CERO-GV;674;0;52.97;0.23;2.31;1.22;0.0
571;10;10;Cáceres;396487;4;513;344436;344445;180288;1894;4364;221363;PARTIDO SOCIALISTA OBRERO ESPAÑOL;PSOE;85135;2;52.34;47.22;2.42;1.05;50.0
572;10;10;Cáceres;396487;4;513;344436;344445;180288;1894;4364;221363;PARTIDO POPULAR;PP;61527;1;52.34;34.13;2.42;1.05;25.0
573;10;10;Cáceres;396487;4;513;344436;344445;180288;1894;4364;221363;VOX;VOX;35807;1;52.34;19.86;2.42;1.05;25.0
574;10;10;Cáceres;396487;4;513;344436;344445;180288;1894;4364;221363;UNIDAS PODEMOS;PODEMOS-IU;20101;0;52.34;11.15;2.42;1.05;0.0
575;10;10;Cáceres;396487;4;513;344436;344445;180288;1894;4364;221363;CIUDADANOS-PARTIDO DE LA CIUDADANÍA;Cs;15533;0;52.34;8.62;2.42;1.05;0.0
576;10;10;Cáceres;396487;4;513;344436;344445;180288;1894;4364;221363;EXTREMADURA UNIDA;EXTREMADURA UNIDA;1347;0;52.34;0.75;2.42;1.05;0.0
577;10;10;Cáceres;396487;4;513;344436;344445;180288;1894;4364;221363;PARTIDO ANIMALISTA CONTRA EL MALTRATO ANIMAL;PACMA;1276;0;52.34;0.71;2.42;1.05;0.0
578;10;10;Cáceres;396487;4;513;344436;344445;180288;1894;4364;221363;RECORTES CERO-GRUPO VERDE;RECORTES CERO-GV;342;0;52.34;0.19;2.42;1.05;0.0
579;10;10;Cáceres;396487;4;513;344436;344445;180288;1894;4364;221363;POR UN MUNDO MÁS JUSTO;PUM+J;295;0;52.34;0.16;2.42;1.05;0.0
589;11;15;A Coruña;1119351;8;1541;1087834;1087839;490046;7307;7056;606187;PARTIDO POPULAR;PP;187127;3;45.05;38.19;1.44;1.49;37.5
590;11;15;A Coruña;1119351;8;1541;1087834;1087839;490046;7307;7056;606187;PARTIDO DOS SOCIALISTAS DE GALICIA-PSOE;PSdeG-PSOE;184178;3;45.05;37.58;1.44;1.49;37.5
591;11;15;A Coruña;1119351;8;1541;1087834;1087839;490046;7307;7056;606187;EN COMÚN-UNIDAS PODEMOS;PODEMOS-EU;77069;1;45.05;15.73;1.44;1.49;12.5
592;11;15;A Coruña;1119351;8;1541;1087834;1087839;490046;7307;7056;606187;BLOQUE NACIONALISTA GALEGO;BNG;58135;1;45.05;11.86;1.44;1.49;12.5
593;11;15;A Coruña;1119351;8;1541;1087834;1087839;490046;7307;7056;606187;VOX;VOX;50325;0;45.05;10.27;1.44;1.49;0.0
594;11;15;A Coruña;1119351;8;1541;1087834;1087839;490046;7307;7056;606187;CIUDADANOS-PARTIDO DE LA CIUDADANÍA;Cs;28469;0;45.05;5.81;1.44;1.49;0.0
595;11;15;A Coruña;1119351;8;1541;1087834;1087839;490046;7307;7056;606187;MÁS PAÍS-EQUO;MÁS PAÍS-EQ;12619;0;45.05;2.58;1.44;1.49;0.0
596;11;15;A Coruña;1119351;8;1541;1087834;1087839;490046;7307;7056;606187;PARTIDO ANIMALISTA CONTRA EL MALTRATO ANIMAL;PACMA;4572;0;45.05;0.93;1.44;1.49;0.0
597;11;15;A Coruña;1119351;8;1541;1087834;1087839;490046;7307;7056;606187;PARTIDO COMUNISTA OBRERO ESPAÑOL;PCOE;1689;0;45.05;0.34;1.44;1.49;0.0
598;11;15;A Coruña;1119351;8;1541;1087834;1087839;490046;7307;7056;606187;RECORTES CERO-GRUPO VERDE;RECORTES CERO-GV;925;0;45.05;0.19;1.44;1.49;0.0
599;11;15;A Coruña;1119351;8;1541;1087834;1087839;490046;7307;7056;606187;POR UN MUNDO MÁIS XUSTO/POR UN MUNDO MÁS JUSTO;PUM+J;607;0;45.05;0.12;1.44;1.49;0.0
600;11;15;A Coruña;1119351;8;1541;1087834;1087839;490046;7307;7056;606187;PARTIDO COMUNISTA DOS TRABALLADORES DE GALIZA;PCTG;472;0;45.05;0.1;1.44;1.49;0.0
601;11;27;Lugo;331327;4;538;344445;344446;142531;2094;2996;178051;PARTIDO POPULAR;PP;68530;2;41.38;48.08;2.1;1.47;50.0
602;11;27;Lugo;331327;4;538;344445;344446;142531;2094;2996;178051;PARTIDO DOS SOCIALISTAS DE GALICIA-PSOE;PSOE;57537;2;41.38;40.37;2.1;1.47;50.0
603;11;27;Lugo;331327;4;538;344445;344446;142531;2094;2996;178051;EN COMÚN-UNIDAS PODEMOS;PODEMOS-EU;16548;0;41.38;11.61;2.1;1.47;0.0
604;11;27;Lugo;331327;4;538;344445;344446;142531;2094;2996;178051;VOX;VOX;14652;0;41.38;10.28;2.1;1.47;0.0
605;11;27;Lugo;331327;4;538;344445;344446;142531;2094;2996;178051;BLOQUE NACIONALISTA GALEGO;BNG;12940;0;41.38;9.08;2.1;1.47;0.0
606;11;27;Lugo;331327;4;538;344445;344446;142531;2094;2996;178051;CIUDADANOS-PARTIDO DE LA CIUDADANÍA;Cs;5811;0;41.38;4.08;2.1;1.47;0.0
607;11;27;Lugo;331327;4;538;344445;344446;142531;2094;2996;178051;PARTIDO ANIMALISTA CONTRA EL MALTRATO ANIMAL;PACMA;1190;0;41.38;0.83;2.1;1.47;0.0
608;11;27;Lugo;331327;4;538;344445;344446;142531;2094;2996;178051;RECORTES CERO-GRUPO VERDE;RECORTES CERO-GV;237;0;41.38;0.17;2.1;1.47;0.0
609;11;27;Lugo;331327;4;538;344445;344446;142531;2094;2996;178051;POR UN MUNDO MÁIS XUSTO/POR UN MUNDO MÁS JUSTO;PUM+J;221;0;41.38;0.16;2.1;1.47;0.0
610;11;27;Lugo;331327;4;538;344445;344446;142531;2094;2996;178051;PARTIDO COMUNISTA OBRERO ESPAÑOL;PCOE;178;0;41.38;0.12;2.1;1.47;0.0
611;11;27;Lugo;331327;4;538;344445;344446;142531;2094;2996;178051;PARTIDO COMUNISTA DOS TRABALLADORES DE GALIZA;PCTG;135;0;41.38;0.09;2.1;1.47;0.0
612;11;27;Lugo;331327;4;538;344445;344446;142531;2094;2996;178051;CONVERXENCIA 21;C 21;72;0;41.38;0.05;2.1;1.47;0.0
613;11;32;Ourense;309293;4;542;360301;360302;134841;1666;2127;169805;PARTIDO POPULAR;PP;67580;2;37.42;50.12;1.58;1.24;50.0
614;11;32;Ourense;309293;4;542;360301;360302;134841;1666;2127;169805;PARTIDO DOS SOCIALISTAS DE GALICIA-PSOE;PSdeG-PSOE;56934;2;37.42;42.22;1.58;1.24;50.0
615;11;32;Ourense;309293;4;542;360301;360302;134841;1666;2127;169805;EN COMÚN-UNIDAS PODEMOS;PODEMOS-EU;13573;0;37.42;10.07;1.58;1.24;0.0
616;11;32;Ourense;309293;4;542;360301;360302;134841;1666;2127;169805;VOX;VOX;13285;0;37.42;9.85;1.58;1.24;0.0
617;11;32;Ourense;309293;4;542;360301;360302;134841;1666;2127;169805;BLOQUE NACIONALISTA GALEGO;BNG;10256;0;37.42;7.61;1.58;1.24;0.0
618;11;32;Ourense;309293;4;542;360301;360302;134841;1666;2127;169805;CIUDADANOS-PARTIDO DE LA CIUDADANÍA;Cs;6397;0;37.42;4.74;1.58;1.24;0.0
619;11;32;Ourense;309293;4;542;360301;360302;134841;1666;2127;169805;PARTIDO ANIMALISTA CONTRA EL MALTRATO ANIMAL;PACMA;1094;0;37.42;0.81;1.58;1.24;0.0
620;11;32;Ourense;309293;4;542;360301;360302;134841;1666;2127;169805;POR UN MUNDO MÁIS XUSTO/POR UN MUNDO MÁS JUSTO;PUM+J;307;0;37.42;0.23;1.58;1.24;0.0
621;11;32;Ourense;309293;4;542;360301;360302;134841;1666;2127;169805;RECORTES CERO-GRUPO VERDE;RECORTES CERO-GV;221;0;37.42;0.16;1.58;1.24;0.0
622;11;32;Ourense;309293;4;542;360301;360302;134841;1666;2127;169805;PARTIDO COMUNISTA DOS TRABALLADORES DE GALIZA;PCTG;158;0;37.42;0.12;1.58;1.24;0.0
623;11;36;Pontevedra;941772;7;1333;906112;906111;423832;5142;7080;517855;PARTIDO DOS SOCIALISTAS DE GALICIA-PSOE;PSdeG-PSOE;166377;3;46.77;39.26;1.67;1.21;42.86
624;11;36;Pontevedra;941772;7;1333;906112;906111;423832;5142;7080;517855;PARTIDO POPULAR;PP;151961;3;46.77;35.85;1.67;1.21;42.86
625;11;36;Pontevedra;941772;7;1333;906112;906111;423832;5142;7080;517855;EN COMÚN-UNIDAS PODEMOS;PODEMOS-EU;81041;1;46.77;19.12;1.67;1.21;14.29
626;11;36;Pontevedra;941772;7;1333;906112;906111;423832;5142;7080;517855;BLOQUE NACIONALISTA GALEGO;BNG;39125;0;46.77;9.23;1.67;1.21;0.0
627;11;36;Pontevedra;941772;7;1333;906112;906111;423832;5142;7080;517855;VOX;VOX;38119;0;46.77;8.99;1.67;1.21;0.0
628;11;36;Pontevedra;941772;7;1333;906112;906111;423832;5142;7080;517855;CIUDADANOS-PARTIDO DE LA CIUDADANÍA;Cs;23984;0;46.77;5.66;1.67;1.21;0.0
629;11;36;Pontevedra;941772;7;1333;906112;906111;423832;5142;7080;517855;MÁS PAÍS-EQUO;MÁS PAÍS-EQ;10207;0;46.77;2.41;1.67;1.21;0.0
630;11;36;Pontevedra;941772;7;1333;906112;906111;423832;5142;7080;517855;PARTIDO ANIMALISTA CONTRA EL MALTRATO ANIMAL;PACMA;4619;0;46.77;1.09;1.67;1.21;0.0
631;11;36;Pontevedra;941772;7;1333;906112;906111;423832;5142;7080;517855;RECORTES CERO-GRUPO VERDE;RECORTES CERO-GV;790;0;46.77;0.19;1.67;1.21;0.0
632;11;36;Pontevedra;941772;7;1333;906112;906111;423832;5142;7080;517855;ESCANOS EN BRANCO;EB;692;0;46.77;0.16;1.67;1.21;0.0
633;11;36;Pontevedra;941772;7;1333;906112;906111;423832;5142;7080;517855;PARTIDO COMUNISTA DOS TRABALLADORES DE GALIZA;PCTG;493;0;46.77;0.12;1.67;1.21;0.0
634;11;36;Pontevedra;941772;7;1333;906112;906111;423832;5142;7080;517855;POR UN MUNDO MÁIS XUSTO/POR UN MUNDO MÁS JUSTO;PUM+J;447;0;46.77;0.11;1.67;1.21;0.0
649;12;28;Madrid;6578079;37;7564;5088090;5088093;2935738;28783;28317;3534364;PARTIDO SOCIALISTA OBRERO ESPAÑOL;PSOE;957401;10;57.7;32.61;0.96;0.98;27.03
650;12;28;Madrid;6578079;37;7564;5088090;5088093;2935738;28783;28317;3534364;PARTIDO POPULAR;PP;887474;10;57.7;30.23;0.96;0.98;27.03
651;12;28;Madrid;6578079;37;7564;5088090;5088093;2935738;28783;28317;3534364;VOX;VOX;653476;7;57.7;22.26;0.96;0.98;18.92
652;12;28;Madrid;6578079;37;7564;5088090;5088093;2935738;28783;28317;3534364;UNIDAS PODEMOS;PODEMOS-IU;463629;5;57.7;15.79;0.96;0.98;13.51
653;12;28;Madrid;6578079;37;7564;5088090;5088093;2935738;28783;28317;3534364;CIUDADANOS-PARTIDO DE LA CIUDADANÍA;Cs;323076;3;57.7;11.0;0.96;0.98;8.11
654;12;28;Madrid;6578079;37;7564;5088090;5088093;2935738;28783;28317;3534364;MÁS PAÍS-EQUO;MÁS PAÍS-EQ;201389;2;57.7;6.86;0.96;0.98;5.41
655;12;28;Madrid;6578079;37;7564;5088090;5088093;2935738;28783;28317;3534364;PARTIDO ANIMALISTA CONTRA EL MALTRATO ANIMAL;PACMA;31983;0;57.7;1.09;0.96;0.98;0.0
656;12;28;Madrid;6578079;37;7564;5088090;5088093;2935738;28783;28317;3534364;RECORTES CERO-GRUPO VERDE-PARTIDO CASTELLANO-TIERRA COMUNERA;RECORTES CERO-GV-PCAS-TC;5129;0;57.7;0.17;0.96;0.98;0.0
657;12;28;Madrid;6578079;37;7564;5088090;5088093;2935738;28783;28317;3534364;POR UN MUNDO MÁS JUSTO;PUM+J;4305;0;57.7;0.15;0.96;0.98;0.0
658;12;28;Madrid;6578079;37;7564;5088090;5088093;2935738;28783;28317;3534364;PARTIDO HUMANISTA;PH;2508;0;57.7;0.09;0.96;0.98;0.0
659;12;28;Madrid;6578079;37;7564;5088090;5088093;2935738;28783;28317;3534364;PARTIDO COMUNISTA DE LOS PUEBLOS DE ESPAÑA;PCPE;2099;0;57.7;0.07;0.96;0.98;0.0
660;12;28;Madrid;6578079;37;7564;5088090;5088093;2935738;28783;28317;3534364;PARTIDO COMUNISTA DE LOS TRABAJADORES DE ESPAÑA;PCTE;1895;0;57.7;0.06;0.96;0.98;0.0
673;13;31;Navarra;647554;5;976;512825;512826;273798;3451;3014;331531;NAVARRA SUMA;NA+;99078;2;53.39;36.19;1.1;1.26;40.0
674;13;31;Navarra;647554;5;976;512825;512826;273798;3451;3014;331531;PARTIDO SOCIALISTA OBRERO ESPAÑOL;PSOE;83734;1;53.39;30.58;1.1;1.26;20.0
675;13;31;Navarra;647554;5;976;512825;512826;273798;3451;3014;331531;EUSKAL HERRIA BILDU;EH Bildu;56548;1;53.39;20.65;1.1;1.26;20.0
676;13;31;Navarra;647554;5;976;512825;512826;273798;3451;3014;331531;UNIDAS PODEMOS;PODEMOS-IU-BATZARRE;55498;1;53.39;20.27;1.1;1.26;20.0
677;13;31;Navarra;647554;5;976;512825;512826;273798;3451;3014;331531;VOX;VOX;19440;0;53.39;7.1;1.1;1.26;0.0
678;13;31;Navarra;647554;5;976;512825;512826;273798;3451;3014;331531;GEROA BAI;GBAI;12709;0;53.39;4.64;1.1;1.26;0.0
679;13;31;Navarra;647554;5;976;512825;512826;273798;3451;3014;331531;PARTIDO ANIMALISTA CONTRA EL MALTRATO ANIMAL;PACMA;2250;0;53.39;0.82;1.1;1.26;0.0
680;13;31;Navarra;647554;5;976;512825;512826;273798;3451;3014;331531;RECORTES CERO-GRUPO VERDE;RECORTES CERO-GV;965;0;53.39;0.35;1.1;1.26;0.0
681;13;31;Navarra;647554;5;976;512825;512826;273798;3451;3014;331531;POR UN MUNDO MÁS JUSTO/BIDEZKO MUNDURANTZ;PUM+J;928;0;53.39;0.34;1.1;1.26;0.0
682;13;31;Navarra;647554;5;976;512825;512826;273798;3451;3014;331531;PARTIDO COMUNISTA DE LOS TRABAJADORES DE ESPAÑA/ES;PCTE/ELAK;381;0;53.39;0.14;1.1;1.26;0.0
693;14;1;Araba / Álava;328868;4;425;258493;258495;138537;911;1344;169944;EUZKO ALDERDI JELTZALEA-PARTIDO NACIONALISTA VASCO;EAJ-PNV;40262;1;53.59;29.06;0.97;0.66;25.0
694;14;1;Araba / Álava;328868;4;425;258493;258495;138537;911;1344;169944;PARTIDO SOCIALISTA DE EUSKADI-EUSKADIKO EZKERRA (PSOE);PSE-EE (PSOE);37488;1;53.59;27.06;0.97;0.66;25.0
695;14;1;Araba / Álava;328868;4;425;258493;258495;138537;911;1344;169944;ELKARREKIN PODEMOS-UNIDAS PODEMOS;PODEMOS-IU;28186;1;53.59;20.35;0.97;0.66;25.0
696;14;1;Araba / Álava;328868;4;425;258493;258495;138537;911;1344;169944;EUSKAL HERRIA BILDU;EH Bildu;27453;1;53.59;19.82;0.97;0.66;25.0
697;14;1;Araba / Álava;328868;4;425;258493;258495;138537;911;1344;169944;PARTIDO POPULAR;PP;25506;0;53.59;18.41;0.97;0.66;0.0
698;14;1;Araba / Álava;328868;4;425;258493;258495;138537;911;1344;169944;VOX;VOX;6421;0;53.59;4.63;0.97;0.66;0.0
699;14;1;Araba / Álava;328868;4;425;258493;258495;138537;911;1344;169944;CIUDADANOS-PARTIDO DE LA CIUDADANÍA;Cs;2526;0;53.59;1.82;0.97;0.66;0.0
700;14;1;Araba / Álava;328868;4;425;258493;258495;138537;911;1344;169944;PARTIDO ANIMALISTA CONTRA EL MALTRATO ANIMAL;PACMA;1152;0;53.59;0.83;0.97;0.66;0.0
701;14;1;Araba / Álava;328868;4;425;258493;258495;138537;911;1344;169944;RECORTES CERO-GRUPO VERDE;RECORTES CERO-GV;409;0;53.59;0.3;0.97;0.66;0.0
702;14;1;Araba / Álava;328868;4;425;258493;258495;138537;911;1344;169944;BIDEZKO MUNDURANTZ-POR UN MUNDO MÁS JUSTO;PUM+J;326;0;53.59;0.24;0.97;0.66;0.0
703;14;1;Araba / Álava;328868;4;425;258493;258495;138537;911;1344;169944;PARTIDO COMUNISTA DE LOS TRABAJADORES DE EUSKADI/EUSKADIKO LANGILEEN ALDERDI KOMUNISTA;PCTE/ELAK;215;0;53.59;0.16;0.97;0.66;0.0
704;14;20;Gipuzkoa;720592;6;848;584462;584461;316209;1907;1678;380961;EUZKO ALDERDI JELTZALEA-PARTIDO NACIONALISTA VASCO;EAJ-PNV;116761;2;54.1;36.93;0.53;0.6;33.33
705;14;20;Gipuzkoa;720592;6;848;584462;584461;316209;1907;1678;380961;EUSKAL HERRIA BILDU;EH Bildu;98951;2;54.1;31.29;0.53;0.6;33.33
706;14;20;Gipuzkoa;720592;6;848;584462;584461;316209;1907;1678;380961;PARTIDO SOCIALISTA DE EUSKADI-EUSKADIKO EZKERRA (PSOE);PSE-EE (PSOE);69342;1;54.1;21.93;0.53;0.6;16.67
707;14;20;Gipuzkoa;720592;6;848;584462;584461;316209;1907;1678;380961;ELKARREKIN PODEMOS-UNIDAS PODEMOS;PODEMOS-IU;57363;1;54.1;18.14;0.53;0.6;16.67
708;14;20;Gipuzkoa;720592;6;848;584462;584461;316209;1907;1678;380961;PARTIDO POPULAR;PP;23619;0;54.1;7.47;0.53;0.6;0.0
709;14;20;Gipuzkoa;720592;6;848;584462;584461;316209;1907;1678;380961;VOX;VOX;7274;0;54.1;2.3;0.53;0.6;0.0
710;14;20;Gipuzkoa;720592;6;848;584462;584461;316209;1907;1678;380961;CIUDADANOS-PARTIDO DE LA CIUDADANÍA;Cs;3824;0;54.1;1.21;0.53;0.6;0.0
711;14;20;Gipuzkoa;720592;6;848;584462;584461;316209;1907;1678;380961;PARTIDO ANIMALISTA CONTRA EL MALTRATO ANIMAL;PACMA;2070;0;54.1;0.65;0.53;0.6;0.0
712;14;20;Gipuzkoa;720592;6;848;584462;584461;316209;1907;1678;380961;ESCAÑOS EN BLANCO-AULKI ZURIAK;EB;570;0;54.1;0.18;0.53;0.6;0.0
713;14;20;Gipuzkoa;720592;6;848;584462;584461;316209;1907;1678;380961;RECORTES CERO-GRUPO VERDE;RECORTES CERO-GV;510;0;54.1;0.16;0.53;0.6;0.0
714;14;20;Gipuzkoa;720592;6;848;584462;584461;316209;1907;1678;380961;BIDEZKO MUNDURANTZ-POR UN MUNDO MÁS JUSTO;PUM+J;401;0;54.1;0.13;0.53;0.6;0.0
715;14;20;Gipuzkoa;720592;6;848;584462;584461;316209;1907;1678;380961;EUSKADIKO LANGILEEN ALDERDI KOMUNISTA/PARTIDO COMUNISTA DE LOS TRABAJADORES DE EUSKADI;ELAK/PCTE;276;0;54.1;0.09;0.53;0.6;0.0
716;14;48;Bizkaia;1149628;8;1396;949595;949598;534597;3806;3665;626506;EUZKO ALDERDI JELTZALEA-PARTIDO NACIONALISTA VASCO;EAJ-PNV;221979;3;56.3;41.52;0.69;0.71;37.5
717;14;48;Bizkaia;1149628;8;1396;949595;949598;534597;3806;3665;626506;PARTIDO SOCIALISTA DE EUSKADI-EUSKADIKO EZKERRA (PSOE);PSE-EE (PSOE);120566;2;56.3;22.55;0.69;0.71;25.0
718;14;48;Bizkaia;1149628;8;1396;949595;949598;534597;3806;3665;626506;ELKARREKIN PODEMOS-UNIDAS PODEMOS;PODEMOS-IU;97125;1;56.3;18.17;0.69;0.71;12.5
719;14;48;Bizkaia;1149628;8;1396;949595;949598;534597;3806;3665;626506;EUSKAL HERRIA BILDU;EH Bildu;94669;1;56.3;17.71;0.69;0.71;12.5
720;14;48;Bizkaia;1149628;8;1396;949595;949598;534597;3806;3665;626506;PARTIDO POPULAR;PP;55621;1;56.3;10.4;0.69;0.71;12.5
721;14;48;Bizkaia;1149628;8;1396;949595;949598;534597;3806;3665;626506;VOX;VOX;15284;0;56.3;2.86;0.69;0.71;0.0
722;14;48;Bizkaia;1149628;8;1396;949595;949598;534597;3806;3665;626506;MÁS PAÍS-CANDIDATURA ECOLOGISTA;MÁS PAÍS-CA;8542;0;56.3;1.6;0.69;0.71;0.0
723;14;48;Bizkaia;1149628;8;1396;949595;949598;534597;3806;3665;626506;CIUDADANOS-PARTIDO DE LA CIUDADANÍA;Cs;6929;0;56.3;1.3;0.69;0.71;0.0
724;14;48;Bizkaia;1149628;8;1396;949595;949598;534597;3806;3665;626506;PARTIDO ANIMALISTA CONTRA EL MALTRATO ANIMAL;PACMA;3783;0;56.3;0.71;0.69;0.71;0.0
725;14;48;Bizkaia;1149628;8;1396;949595;949598;534597;3806;3665;626506;RECORTES CERO-GRUPO VERDE;RECORTES CERO-GV;753;0;56.3;0.14;0.69;0.71;0.0
726;14;48;Bizkaia;1149628;8;1396;949595;949598;534597;3806;3665;626506;BIDEZKO MUNDURANTZ-POR UN MUNDO MÁS JUSTO;PUM+J;494;0;56.3;0.09;0.69;0.71;0.0
727;14;48;Bizkaia;1149628;8;1396;949595;949598;534597;3806;3665;626506;PARTIDO COMUNISTA DE LOS TRABAJADORES DE EUSKADI/EUSKADIKO LANGILEEN ALDERDI KOMUNISTA;PCTE/ELAK;491;0;56.3;0.09;0.69;0.71;0.0
728;14;48;Bizkaia;1149628;8;1396;949595;949598;534597;3806;3665;626506;PARTIDO DE ACCIÓN SOLIDARIA EUROPEA;SOLIDARIA;270;0;56.3;0.05;0.69;0.71;0.0
743;15;30;Murcia;1478509;10;1685;1061840;1061841;595322;5253;7418;709674;VOX;VOX;199829;3;56.07;33.57;1.25;0.88;30.0
744;15;30;Murcia;1478509;10;1685;1061840;1061841;595322;5253;7418;709674;PARTIDO POPULAR;PP;189500;3;56.07;31.83;1.25;0.88;30.0
745;15;30;Murcia;1478509;10;1685;1061840;1061841;595322;5253;7418;709674;PARTIDO SOCIALISTA OBRERO ESPAÑOL;PSOE;177154;3;56.07;29.76;1.25;0.88;30.0
746;15;30;Murcia;1478509;10;1685;1061840;1061841;595322;5253;7418;709674;UNIDAS PODEMOS;PODEMOS-IU;63461;1;56.07;10.66;1.25;0.88;10.0
747;15;30;Murcia;1478509;10;1685;1061840;1061841;595322;5253;7418;709674;CIUDADANOS-PARTIDO DE LA CIUDADANÍA;Cs;53201;0;56.07;8.94;1.25;0.88;0.0
748;15;30;Murcia;1478509;10;1685;1061840;1061841;595322;5253;7418;709674;MÁS PAÍS-EQUO;MÁS PAÍS-EQ;13439;0;56.07;2.26;1.25;0.88;0.0
749;15;30;Murcia;1478509;10;1685;1061840;1061841;595322;5253;7418;709674;PARTIDO ANIMALISTA CONTRA EL MALTRATO ANIMAL;PACMA;7005;0;56.07;1.18;1.25;0.88;0.0
750;15;30;Murcia;1478509;10;1685;1061840;1061841;595322;5253;7418;709674;SOMOS REGIÓN;SOMOS REGIÓ;2328;0;56.07;0.39;1.25;0.88;0.0
751;15;30;Murcia;1478509;10;1685;1061840;1061841;595322;5253;7418;709674;PARTIDO COMUNISTA OBRERO ESPAÑOL;PCOE;990;0;56.07;0.17;1.25;0.88;0.0
752;15;30;Murcia;1478509;10;1685;1061840;1061841;595322;5253;7418;709674;RECORTES CERO-GRUPO VERDE;RECORTES CERO-GV;881;0;56.07;0.15;1.25;0.88;0.0
753;15;30;Murcia;1478509;10;1685;1061840;1061841;595322;5253;7418;709674;PARTIDO COMUNISTA DE LOS PUEBLOS DE ESPAÑA;PCPE;490;0;56.07;0.08;1.25;0.88;0.0
754;15;30;Murcia;1478509;10;1685;1061840;1061841;595322;5253;7418;709674;IZQUIERDA EN POSITIVO;IZQP;434;0;56.07;0.07;1.25;0.88;0.0
755;15;30;Murcia;1478509;10;1685;1061840;1061841;595322;5253;7418;709674;POR UN MUNDO MÁS JUSTO;PUM+J;431;0;56.07;0.07;1.25;0.88;0.0
756;15;30;Murcia;1478509;10;1685;1061840;1061841;595322;5253;7418;709674;CONTIGO SOMOS DEMOCRACIA;CONTIGO;317;0;56.07;0.05;1.25;0.88;0.0
757;15;30;Murcia;1478509;10;1685;1061840;1061841;595322;5253;7418;709674;DEMOCRACIA PLURAL;DPL;214;0;56.07;0.04;1.25;0.88;0.0
793;17;3;Alicante / Alacant;1838819;12;2221;1276692;1276691;713564;6778;8334;844938;PARTIDO SOCIALISTA OBRERO ESPAÑOL;PSOE;240202;4;55.89;33.66;1.17;0.95;33.33
794;17;3;Alicante / Alacant;1838819;12;2221;1276692;1276691;713564;6778;8334;844938;PARTIDO POPULAR;PP;207310;3;55.89;29.05;1.17;0.95;25.0
795;17;3;Alicante / Alacant;1838819;12;2221;1276692;1276691;713564;6778;8334;844938;VOX;VOX;167395;3;55.89;23.46;1.17;0.95;25.0
796;17;3;Alicante / Alacant;1838819;12;2221;1276692;1276691;713564;6778;8334;844938;UNIDAS PODEMOS-UNIDES PODEM;PODEMOS-EUPV;108533;1;55.89;15.21;1.17;0.95;8.33
797;17;3;Alicante / Alacant;1838819;12;2221;1276692;1276691;713564;6778;8334;844938;CIUDADANOS-PARTIDO DE LA CIUDADANÍA;Cs;69143;1;55.89;9.69;1.17;0.95;8.33
798;17;3;Alicante / Alacant;1838819;12;2221;1276692;1276691;713564;6778;8334;844938;MÉS COMPROMÍS;MÉS COMPROM;35612;0;55.89;4.99;1.17;0.95;0.0
799;17;3;Alicante / Alacant;1838819;12;2221;1276692;1276691;713564;6778;8334;844938;PARTIDO ANIMALISTA CONTRA EL MALTRATO ANIMAL;PACMA;9417;0;55.89;1.32;1.17;0.95;0.0
800;17;3;Alicante / Alacant;1838819;12;2221;1276692;1276691;713564;6778;8334;844938;LOS VERDES ECOPACIFISTAS ADELANTE;AVANT ADELANTE LOS VERDES;2337;0;55.89;0.33;1.17;0.95;0.0
801;17;3;Alicante / Alacant;1838819;12;2221;1276692;1276691;713564;6778;8334;844938;ESQUERRA REPUBLICANA DEL PAÍS VALENCIÀ;ERPV;1683;0;55.89;0.24;1.17;0.95;0.0
802;17;3;Alicante / Alacant;1838819;12;2221;1276692;1276691;713564;6778;8334;844938;POR UN MUNDO MÁS JUSTO;PUM+J;948;0;55.89;0.13;1.17;0.95;0.0
803;17;3;Alicante / Alacant;1838819;12;2221;1276692;1276691;713564;6778;8334;844938;PARTIDO COMUNISTA DE LOS PUEBLOS DE ESPAÑA;PCPE;911;0;55.89;0.13;1.17;0.95;0.0
804;17;3;Alicante / Alacant;1838819;12;2221;1276692;1276691;713564;6778;8334;844938;RECORTES CERO-GRUPO VERDE;RECORTES CERO-GV;891;0;55.89;0.12;1.17;0.95;0.0
805;17;3;Alicante / Alacant;1838819;12;2221;1276692;1276691;713564;6778;8334;844938;PARTIDO LIBERTARIO;P-LIB;556;0;55.89;0.08;1.17;0.95;0.0
806;17;12;Castellón / Castelló;576898;5;715;420736;420741;248758;2238;3023;292231;PARTIDO SOCIALISTA OBRERO ESPAÑOL;PSOE;84078;2;59.12;33.8;1.22;0.9;40.0
807;17;12;Castellón / Castelló;576898;5;715;420736;420741;248758;2238;3023;292231;PARTIDO POPULAR;PP;70176;1;59.12;28.21;1.22;0.9;20.0
808;17;12;Castellón / Castelló;576898;5;715;420736;420741;248758;2238;3023;292231;VOX;VOX;54849;1;59.12;22.05;1.22;0.9;20.0
809;17;12;Castellón / Castelló;576898;5;715;420736;420741;248758;2238;3023;292231;UNIDAS PODEMOS-UNIDES PODEM;PODEMOS-EUPV;39251;1;59.12;15.78;1.22;0.9;20.0
810;17;12;Castellón / Castelló;576898;5;715;420736;420741;248758;2238;3023;292231;CIUDADANOS-PARTIDO DE LA CIUDADANÍA;Cs;20302;0;59.12;8.16;1.22;0.9;0.0
811;17;12;Castellón / Castelló;576898;5;715;420736;420741;248758;2238;3023;292231;MÉS COMPROMÍS;MÉS COMPROM;18140;0;59.12;7.29;1.22;0.9;0.0
812;17;12;Castellón / Castelló;576898;5;715;420736;420741;248758;2238;3023;292231;PARTIDO ANIMALISTA CONTRA EL MALTRATO ANIMAL;PACMA;2483;0;59.12;1.0;1.22;0.9;0.0
813;17;12;Castellón / Castelló;576898;5;715;420736;420741;248758;2238;3023;292231;ESQUERRA REPUBLICANA DEL PAÍS VALENCIÀ;ERPV;1106;0;59.12;0.44;1.22;0.9;0.0
814;17;12;Castellón / Castelló;576898;5;715;420736;420741;248758;2238;3023;292231;AVANT ADELANTE LOS VERDES;AVANT LOS VERDES;405;0;59.12;0.16;1.22;0.9;0.0
815;17;12;Castellón / Castelló;576898;5;715;420736;420741;248758;2238;3023;292231;PARTIDO COMUNISTA OBRERO ESPAÑOL;PCOE;379;0;59.12;0.15;1.22;0.9;0.0
816;17;12;Castellón / Castelló;576898;5;715;420736;420741;248758;2238;3023;292231;POR UN MUNDO MÁS JUSTO;PUM+J;370;0;59.12;0.15;1.22;0.9;0.0
817;17;12;Castellón / Castelló;576898;5;715;420736;420741;248758;2238;3023;292231;RECORTES CERO-GRUPO VERDE;RECORTES CERO-GV;257;0;59.12;0.1;1.22;0.9;0.0
818;17;12;Castellón / Castelló;576898;5;715;420736;420741;248758;2238;3023;292231;PARTIT COMUNISTA DELS POBLES D'ESPANYA;PCPE;194;0;59.12;0.08;1.22;0.9;0.0
819;17;12;Castellón / Castelló;576898;5;715;420736;420741;248758;2238;3023;292231;FALANGE ESPAÑOLA DE LAS JONS;FE de las J;137;0;59.12;0.06;1.22;0.9;0.0
820;17;12;Castellón / Castelló;576898;5;715;420736;420741;248758;2238;3023;292231;AUNA COMUNITAT VALENCIANA;AUNACV;104;0;59.12;0.04;1.22;0.9;0.0
821;17;46;Valencia / València;2547986;15;3107;1970187;1970196;1170194;10798;12147;1379460;PARTIDO SOCIALISTA OBRERO ESPAÑOL;PSOE;375879;4;59.4;32.12;1.04;0.92;26.67
822;17;46;Valencia / València;2547986;15;3107;1970187;1970196;1170194;10798;12147;1379460;PARTIDO POPULAR;PP;306929;4;59.4;26.23;1.04;0.92;26.67
823;17;46;Valencia / València;2547986;15;3107;1970187;1970196;1170194;10798;12147;1379460;VOX;VOX;245890;3;59.4;21.01;1.04;0.92;20.0
824;17;46;Valencia / València;2547986;15;3107;1970187;1970196;1170194;10798;12147;1379460;UNIDAS PODEMOS-UNIDES PODEM;PODEMOS-EUPV;191812;2;59.4;16.39;1.04;0.92;13.33
825;17;46;Valencia / València;2547986;15;3107;1970187;1970196;1170194;10798;12147;1379460;MÉS COMPROMÍS;MÉS COMPROM;122535;1;59.4;10.47;1.04;0.92;6.67
826;17;46;Valencia / València;2547986;15;3107;1970187;1970196;1170194;10798;12147;1379460;CIUDADANOS-PARTIDO DE LA CIUDADANÍA;Cs;106820;1;59.4;9.13;1.04;0.92;6.67
827;17;46;Valencia / València;2547986;15;3107;1970187;1970196;1170194;10798;12147;1379460;PARTIDO ANIMALISTA CONTRA EL MALTRATO ANIMAL;PACMA;15395;0;59.4;1.32;1.04;0.92;0.0
828;17;46;Valencia / València;2547986;15;3107;1970187;1970196;1170194;10798;12147;1379460;ESQUERRA REPUBLICANA DEL PAÍS VALENCIÀ;ERPV;3086;0;59.4;0.26;1.04;0.92;0.0
829;17;46;Valencia / València;2547986;15;3107;1970187;1970196;1170194;10798;12147;1379460;AVANT ADELANTE LOS VERDES;AVANT ADELANTE LOS VERDES;2674;0;59.4;0.23;1.04;0.92;0.0
830;17;46;Valencia / València;2547986;15;3107;1970187;1970196;1170194;10798;12147;1379460;SOM VALENCIANS EN MOVIMENT;UIG-SOM-CUIDES;2339;0;59.4;0.2;1.04;0.92;0.0
831;17;46;Valencia / València;2547986;15;3107;1970187;1970196;1170194;10798;12147;1379460;RECORTES CERO-GRUPO VERDE;RECORTES CERO-GV;1540;0;59.4;0.13;1.04;0.92;0.0
832;17;46;Valencia / València;2547986;15;3107;1970187;1970196;1170194;10798;12147;1379460;PARTIDO COMUNISTA DE LOS PUEBLOS DE ESPAÑA;PCPE;1142;0;59.4;0.1;1.04;0.92;0.0
833;17;46;Valencia / València;2547986;15;3107;1970187;1970196;1170194;10798;12147;1379460;UNIDOS Actuando por la Democracia;UNIDOS SÍ-A;1067;0;59.4;0.09;1.04;0.92;0.0
834;17;46;Valencia / València;2547986;15;3107;1970187;1970196;1170194;10798;12147;1379460;POR UN MUNDO MÁS JUSTO;PUM+J;1009;0;59.4;0.09;1.04;0.92;0.0
835;17;46;Valencia / València;2547986;15;3107;1970187;1970196;1170194;10798;12147;1379460;CONTIGO SOMOS DEMOCRACIA;CONTIGO;875;0;59.4;0.07;1.04;0.92;0.0
836;17;46;Valencia / València;2547986;15;3107;1970187;1970196;1170194;10798;12147;1379460;AUNA COMUNITAT VALENCIANA;AUNACV;468;0;59.4;0.04;1.04;0.92;0.0
864;18;99;Ciudad de Ceuta;85144;1;96;62513;62513;26183;324;351;33071;VOX;VOX;11752;1;41.88;44.88;1.34;1.24;100.0
865;18;99;Ciudad de Ceuta;85144;1;96;62513;62513;26183;324;351;33071;PARTIDO SOCIALISTA OBRERO ESPAÑOL;PSOE;10455;0;41.88;39.93;1.34;1.24;0.0
866;18;99;Ciudad de Ceuta;85144;1;96;62513;62513;26183;324;351;33071;PARTIDO POPULAR;PP;7439;0;41.88;28.41;1.34;1.24;0.0
867;18;99;Ciudad de Ceuta;85144;1;96;62513;62513;26183;324;351;33071;UNIDAS PODEMOS;PODEMOS-IU;1300;0;41.88;4.97;1.34;1.24;0.0
868;18;99;Ciudad de Ceuta;85144;1;96;62513;62513;26183;324;351;33071;CIUDADANOS-PARTIDO DE LA CIUDADANÍA;Cs;1138;0;41.88;4.35;1.34;1.24;0.0
869;18;99;Ciudad de Ceuta;85144;1;96;62513;62513;26183;324;351;33071;MOVIMIENTO POR LA DIGNIDAD Y LA CIUDADANÍA DE CEUT;MDyC;819;0;41.88;3.13;1.34;1.24;0.0
870;18;99;Ciudad de Ceuta;85144;1;96;62513;62513;26183;324;351;33071;RECORTES CERO-GRUPO VERDE;RECORTES CERO-GV;125;0;41.88;0.48;1.34;1.24;0.0
871;18;99;Ciudad de Ceuta;85144;1;96;62513;62513;26183;324;351;33071;POR UN MUNDO MÁS JUSTO;PUM+J;43;0;41.88;0.16;1.34;1.24;0.0
881;19;99;Ciudad de Melilla;86384;1;87;59496;59497;21164;185;240;30747;PARTIDO POPULAR;PP;9136;1;35.57;43.17;1.13;0.87;100.0
882;19;99;Ciudad de Melilla;86384;1;87;59496;59497;21164;185;240;30747;COALICIÓN POR MELILLA;CpM;8955;0;35.57;42.31;1.13;0.87;0.0
883;19;99;Ciudad de Melilla;86384;1;87;59496;59497;21164;185;240;30747;VOX;VOX;5692;0;35.57;26.89;1.13;0.87;0.0
884;19;99;Ciudad de Melilla;86384;1;87;59496;59497;21164;185;240;30747;PARTIDO SOCIALISTA OBRERO ESPAÑOL;PSOE;5087;0;35.57;24.04;1.13;0.87;0.0
885;19;99;Ciudad de Melilla;86384;1;87;59496;59497;21164;185;240;30747;CIUDADANOS-PARTIDO DE LA CIUDADANÍA;Cs;917;0;35.57;4.33;1.13;0.87;0.0
886;19;99;Ciudad de Melilla;86384;1;87;59496;59497;21164;185;240;30747;UNIDAS PODEMOS;PODEMOS-IU;809;0;35.57;3.82;1.13;0.87;0.0
887;19;99;Ciudad de Melilla;86384;1;87;59496;59497;21164;185;240;30747;LOS VERDES;LOS VERDES;101;0;35.57;0.48;1.13;0.87;0.0
888;19;99;Ciudad de Melilla;86384;1;87;59496;59497;21164;185;240;30747;POR UN MUNDO MÁS JUSTO;PUM+J;31;0;35.57;0.15;1.13;0.87;0.0
889;19;99;Ciudad de Melilla;86384;1;87;59496;59497;21164;185;240;30747;RECORTES CERO-GRUPO VERDE;RECORTES CERO-GV;19;0;35.57;0.09;1.13;0.87;0.0
